site_id,EC_value_fin,area_sqkm,CaO_mean,MgO_mean,S_mean,HC_mean,precip_mean,water_capability,Bulk_mean,OC_mean,soil_ero_mean,soil_permeability,soil_depth,EVI_mean,temperature
1,835.2368421053,3.400746,3.6884615266,1.4671893748,0.4010062589,0.1638396245,605.513885498,146.196565965,1.7300000191,2.1800000668,0.017127454,-4,11.6666666667,0.3657328039,9.230555343
2,490.4545454545,7.138374,1.7467181087,1.1667742042,0.0381925679,0.8526417251,578.099208287,96.8000972454,1.5649999976,0.7449999849,0.0175551451,-4.0357142857,18.1714285714,0.3449003436,9.464682769
3,494.0256410256,1.442077,4.0752349588,1.1675839064,0.2311109578,0.8847206415,592.518668146,108.053001404,1.6800000072,0.6449999809,0.0199122895,-3.5,20,0.3474019437,9.250482427
4,392.2820512821,137.656022,2.0434793734,1.1766703833,0.2459512699,0.8677889735,603.71885158,111.053810172,1.6640146205,1.5910949276,0.0190075016,-3.5617688348,17.982740308,0.3234710882,9.080258004
5,360.2631578947,0.559173,1.4700000286,1.1100000143,0.0199999996,1.2041200399,570.056042071,97.7473106384,1.7300000191,2.1800000668,0.022321499,-3.15,9.1875,0.3731077173,9.569444274
6,784.25,0.092047,3.9544444349,1.3011111021,1.8552768556,0.0677924554,588.583312988,95.8799972534,1.6566714068,0.5749836476,0.0240581504,-3.9506193242,8.8010749586,0.4681450725,8.880555725
7,327.3823529412,9.234175,2.93548245,1.1470374707,0.0871500778,0.9944385742,581.197530111,98.8062583076,1.678888917,0.9377777841,0.0165140285,-3.7097902098,20,0.3240255167,9.528086259
8,526.55,1.517217,2.4454362552,1.1850335622,0.7275750239,0.7579780017,580.985340685,107.37213759,1.7100000382,0.3899999857,0.0180691448,-3.56,18.7826086957,0.3494399072,9.418127489
9,497.7894736842,1.743892,2.9238461588,1.2620118419,0.6079121906,0.5336489289,540.138885498,116.685477547,1.649507259,1.6943053708,0.0172037139,-4,13.1041666667,0.3489810377,9.555555725
10,488.5945945946,0.527238,2.0180392359,1.1521568719,0.7983325263,0.9534595433,585.564625176,145.172795105,1.5175826181,2.4359569587,0.0197339002,-4,7.3333333333,0.3710443721,9.188888549
11,517.3684210526,0.627425,0.8591525524,0.7469491524,0.0203555553,1.0398585897,595.466780859,66.2565002441,1.1657493135,7.9799982003,0.0219495799,-3.5909090909,12,0.2759879664,9.534390784
12,468.7948717949,8.95678,1.7125474975,1.1579106188,0.0285271315,0.6976739083,586.138882107,100.283650755,1.6166667011,0.874444445,0.0191575395,-3.9028776978,20,0.3470709994,9.325000084
13,543.0277777778,1.109579,1.7864151181,1.134339634,0.2145831313,1.059399074,558.59453001,134.755311966,0.5403410315,0.1579394311,0.0202805853,-3.5588235294,20,0.2871286544,9.133748506
14,380.0256410256,0.519724,1.4700000286,1.1100000143,0.0199999996,1.2041200399,569.149617381,108.053001404,1.6562345777,0.5182099355,0.0194984558,-3.5,20,0.3413287382,9.434628863
15,569.1142857143,11.452707,2.2280611498,1.1737729315,0.2865855844,0.7835724211,605.521367,102.259707642,1.6109091152,0.6836363511,0.0209371942,-3.7415730337,17.683908046,0.3583754347,8.863034175
16,388.3333333333,2.092671,2.1687500179,1.1637500078,0.1273562101,0.8845279068,564.855929932,106.650001526,1.6450000405,0.5449999869,0.0143370888,-3.7205882353,20,0.3276927129,9.522609958
17,580.6666666667,0.932998,2.5151612451,1.3164515841,0.0507692308,-0.9782068153,526.236114502,66.2565002441,1.4651634662,8.0534121805,0.0166694084,-4,12,0.3505658209,9.606944656
18,342.8947368421,8.562918,1.7754906728,1.1451401953,0.1455289721,0.9070072783,665.716057671,98.7404927668,1.7180000305,1.403000021,0.0213012852,-4.3320895522,19.1698113208,0.3198704488,9.440740882
19,722.7179487179,0.649968,1.4700000286,1.1100000143,0.0199999996,1.2041200399,579.675094608,66.2565002441,1.7300000191,2.1764628433,0.0134995645,-4,12,0.3148133835,9.460157022
20,391.9459459459,2.164054,2.9691363692,1.2253181821,1.0243000341,0.5184496452,600.722229004,92.1147294478,0.8550000191,0.1949999928,0.0192665963,-3.6029411765,19.3225806452,0.3457723409,8.904166793
21,597.8339350181,1.638069,5.5739156266,1.4292168423,2.5918813924,-0.7206570973,560.44442749,140.992497126,0.2321917519,39.3311624675,0.0164251165,-3.9230769231,4,0.3709916162,9.427777481
22,821.4772727273,1.212897,3.0899999142,1.4299999476,0.0663157898,-2.1784865856,516.166687012,120.779998779,0,0,0.0206787796,-3.7647058824,7,0.3017886148,9.319444274
23,168.105,62.7386046953,6.233524084,2.1718291393,0.4027505573,-1.9920675295,1097.2128058,48.2688855942,1.4260317125,1.6520635438,0.0399293988,-5.565506653,4.9829545455,0.3426975759,7.961205265
24,672.0752688172,26.3795709727,1.617396093,0.9755699427,0.0824438136,0.0649901559,639.957815665,90.1462243887,1.580344862,0.6968965366,0.0254428014,-3.5,14.9911504425,0.3163502134,10.65905351
25,202.3309090909,81.1500221621,2.6801295569,1.2827961244,0.0868936191,-1.5822728073,989.748946178,99.5789634854,1.2804208028,1.7572152403,0.0361188021,-6.3224781573,8.5924512299,0.3417334531,8.897925509
26,285,6.3120004316,7.8954112824,2.4663292105,0.5027452063,-2.1548533093,768.698425293,40.3139882088,1.4099999666,1.4500000477,0.0457353467,-7.8958333333,4.9684210526,0.335223183,7.994841221
27,672,6.49592,3.0899999142,1.4299999476,0.0650000003,-2.1784865856,592.013875326,192.762662584,1.4137499631,1.1487499625,0.0280249518,-3.5,20,0.3641788512,10.72962977
28,669.8870967742,4.045078,2.1637055574,1.1470558187,0.1984540732,-0.3053786682,623.092590332,81.8000030518,1.5800000429,0.6999999881,0.0220614731,-3.5,14,0.3589807649,10.6768519
29,193.6404761905,10.448951,6.9858963141,4.6107075276,0.0446666664,-0.9478129484,851.78786954,188.289767179,1.3999999762,0.8050000072,0.038549281,-4.0372670808,19.7204968944,0.4055589959,8.948737335
30,396.8055555556,0.000626,3.0899999142,1.4299999476,0.0700000003,-2.1784865856,684.611083984,128.699996948,1.3899999857,0.6499999762,0.0368009135,-6,20,0.2539573014,10.19722213
31,345.0833333333,10.576064,1.7639503434,1.8779388923,0.0548664953,-1.9135855045,746.886358088,59.3887469141,1.4063636065,1.3045454892,0.0415546918,-5.9877300614,6.3084415584,0.3693606675,9.049494934
32,168.306122449,62.905979,6.2123127322,2.1672345315,0.4005436295,-1.9902887239,1097.67562669,48.3063176188,1.4230158386,1.6490476737,0.0399342677,-5.5598159509,4.9858597285,0.3419804505,7.93866486
33,289.7058823529,0.003131,3.0899999142,1.4299999476,0.5643299818,-2.1784865856,664.833312988,39.5750007629,1.4099999666,1.4500000477,0.0445125343,-8,4.5,0.4805849791,8.480555725
34,741.875,0.001879,3.0899999142,1.4299999476,0.0700000003,-2.1784865856,743,120.779998779,1.3899999857,0.6499999762,0.0259902589,-3.5,7,0.4098438621,9.291666412
35,444,7.728855,3.0899999142,1.4299999476,0.064424779,-2.1784865856,590.795127869,196.158464973,1.4111110767,1.0933332973,0.0280249518,-3.5,20,0.3538586249,10.72777786
36,389,5.643072,3.0899999142,1.4299999476,0.0667058826,-2.1784865856,591.199987793,186.272276761,1.4157142469,1.2071428129,0.0280249518,-3.5,20,0.3641788512,10.728889
37,60.25,3.850965,2.4197164768,1.2212886709,0.0818518159,-0.5840575922,1108.652771,100.450393151,1.0919781129,2.4566667477,0.0341989321,-5.3050847458,6.9910714286,0.3224405199,8.88125019
38,524,0.999372,3.0899999142,1.4299999476,0.0513333336,-2.1784865856,618.027770996,145.035003662,1.4481259588,0.8624063106,0.030003919,-3.5,20,0.2489640585,10.86527786
39,560.75,1.23544,3.0658557708,1.4214413894,0.0700000003,-2.1505805974,642.93719635,125.664001465,1.5,0.8650000095,0.0312877391,-3.5,16.8888888889,0.2841509463,10.87916833
40,418,5.704437,3.0899999142,1.4299999476,0.0659302328,-2.1784865856,591.199987793,186.915720183,1.4157142469,1.2071428129,0.0280249518,-3.5,20,0.3641788512,10.728889
41,414.8,5.490286,3.0899999142,1.4299999476,0.0666265063,-2.1784865856,591.199987793,185.605853217,1.4157142469,1.2071428129,0.0280249518,-3.5,20,0.3779104054,10.728889
42,352.425,1.559171,1.6959119387,1.0516352132,0.0376190471,-0.5524664562,774.087363633,121.582105938,1.5800000429,0.6999999881,0.0288599143,-5.537037037,15.0909090909,0.3814470321,9.810455636
43,412.05,0.487163,1.4695454199,0.8613636101,0.0488000001,-0.271230023,672.006842565,150.320142473,1.3948250045,0.7545421456,0.0231680759,-3.5,14.8888888889,0.316672493,10.41941758
44,221,0.86725,8.6199998856,2.6300001144,0.5643299818,-2.1992828846,815.055541992,76.2798178537,1.4099999666,1.4500000477,0.0409086145,-6,3.3076923077,0.3613186378,8.741666412
45,72.65,3.194109,5.1756739261,1.972915436,0.3284448831,-1.8838062163,1197.74304199,39.8585333617,1.4099999666,1.4500000477,0.0371479817,-5.375,4.9772727273,0.3331138293,7.484722137
46,93.775,1.384469,8.8714285698,4.0609244419,0.3940152505,-1.4662681863,1188.05693378,77.2191107614,1.3892034419,1.0377879342,0.0382181697,-4,8.1111111111,0.3497749495,7.379144596
47,147.5,1.060737,7.6951924517,5.3008653888,0.0681664266,-0.3968369921,1124.1867627,74.2470730814,1.3984786139,1.0920762407,0.0315376048,-5.9285714286,5,0.3841334157,6.127588596
48,118.6615384615,20.40573,1.7467264621,1.1663976078,0.0301346795,-0.3621198652,962.891807155,92.7932031139,1.2433516763,2.0068182403,0.0362183823,-5.75625,6.9603960396,0.3502685097,8.732310004
49,161.5384615385,10.057593,8.6199998856,2.6300001144,0.5643299818,-2.1992828846,1060.75,39.6529639886,1.4122221867,1.5555556085,0.0383322129,-7.0632911392,4.9901960784,0.363519603,7.3125
50,234.0833333333,10.775187,7.8019957473,1.3230368778,0.0324316125,-0.5943543405,852.780295632,67.7772276031,1.303992682,1.5777778096,0.0378269,-5.7396449704,5.1602564103,0.3548032018,9.397979736
51,114.675,8.425159,3.1872682736,2.1897404203,0.0287603299,-0.3179160172,963.413200378,93.8196498705,1.2379876673,2.0312500596,0.0359783514,-5.4083969466,7.349137931,0.3448371589,8.535069465
52,198,16.398848,8.4693642931,2.5973124586,0.5539448982,-2.1987163995,808.451381683,39.9141753619,1.4162499607,1.7468750626,0.0437299567,-8,5,0.3560993578,7.817361068
53,265,0.83782,8.6199998856,2.6300001144,0.5643299818,-2.1992828846,815.055541992,76.3809579703,1.4099999666,1.4500000477,0.0409086145,-6,3.3333333333,0.3609955678,8.741666412
54,78.25,2.970565,5.1635689687,1.970606136,0.3249602168,-1.8826974851,1197.74304199,39.5750007629,1.4099999666,1.4500000477,0.0368238827,-5.4,4.988372093,0.3331138293,7.484722137
55,156.925,1.135252,8.8451785828,4.1964286353,0.2971649906,-1.4048177503,1031.23548858,77.9638201396,1.3855832728,1.0504585476,0.0413196584,-4,7.7222222222,0.4175929428,8.10215938
56,801.6666666667,0.721351,4.2545714106,1.3325714145,1.2653320424,-0.1826925329,630.017269715,92.0769189199,0.2399712778,38.2462190767,0.0203836183,-3.7083333333,19.3636363636,0.3557993658,8.652777862
57,716.4626865672,1.535377,5.3259090402,1.9704546116,0.3521356409,-0.8420422998,649.767262431,113.816249501,0.7204238691,23.8582128255,0.0196793802,-4,8.2391304348,0.3617585003,9.231757888
58,958,1.080149,3.0384258981,1.3012036847,0.6559993545,-0.4671731326,658.957035202,137.240005493,1.2119419767,7.1636000852,0.0245025214,-3.5,20,0.363006711,8.597932579
59,837.4166666667,0.710707,3.7897260144,1.220821906,1.4351500483,0.0482164311,647.342509825,123.221001365,1.0996211209,0.4721020405,0.0268089244,-3.5,20,0.3325807882,8.704981485
60,943.6666666667,8.130858,1.5519047893,1.1163003798,0.0736781048,1.166658691,557.854179382,88.0024641683,1.6887500137,2.0275000483,0.0157922915,-3.9880952381,12.1776859504,0.3644490615,8.875
61,483.5,1.214776,1.8643442822,1.2085246092,0.0199999996,0.9404045216,647.671126159,73.834197998,1.7300000191,2.1800000668,0.0186255618,-3.5,20,0.3631417006,9.141666412
62,638.4791666667,0.626799,2.9973529437,1.2332352926,0.8045825264,0.427848269,662.632805012,146.520004272,0.2536205924,36.8266742133,0.016511227,-3.5,5.5,0.3270774517,8.588834491
63,823.4333333333,0.639949,1.4700000286,1.1100000143,0.0199999996,1.2041200399,566.36470792,151.55555386,1.6035443864,0.7771166019,0.0186459348,-3.5,20,0.3699186595,8.75133163
64,794.4833333333,0.463368,3.9040425331,1.6274468569,0.2921649907,0.045514789,648.388439528,110.521123886,0.6803337838,13.7634509203,0.0168928157,-4,4.5833333333,0.3768778355,9.23611145
65,1001.8333333333,0.537883,7.0599999428,1.5399999619,3.1333301067,-1.3526170254,564.663225685,140.084999084,0.2309851646,39.4000015259,0.0180969581,-6,4.0714285714,0.3816300156,8.975
66,798.3833333333,0.102692,7.0599999428,1.5399999619,3.1333301067,-1.3526170254,548.098073459,141.823252712,0.8411228657,4.5900001526,0.0169136257,-3.5,3,0.297023009,8.922222137
67,788.0416666667,0.612397,2.8244261624,1.3775409421,0.058888889,-1.6239609093,659.559380313,146.520004272,0.5773461836,24.9258211611,0.027329633,-3.5,5.5625,0.3764882739,8.614947092
68,58.6931034483,4.93988,8.6199998856,2.6300001144,0.5643299818,-2.1992828846,1369.37496948,39.5750007629,1.4099999666,1.4500000477,0.0350452946,-6,5,0.2671261668,7.121527862
69,83,50.285459,5.0858190387,2.1431809646,0.9357829169,-3.0749878137,1329.36807251,47.595000373,0.0281999993,0.029000001,0.0317618878,-0.3226632522,6.3157894737,0.3078067753,7.741666793
70,55.8695652174,50.285459,5.0858190387,2.1431809646,0.9357829169,-3.0749878137,1329.36807251,47.595000373,0.0281999993,0.029000001,0.0317618878,-0.3226632522,6.3157894737,0.3078067753,7.741666793
71,98.6086956522,67.919747,4.8613708875,2.1251730751,0.8095991909,-3.066676892,1295.69289822,56.7183323613,0.3371459351,0.7761764912,0.0319057513,-1.46492891,5.4263803681,0.3210052908,7.842438295
72,127.5833333333,54.03561,5.7591625987,2.4443771657,0.4443714011,-3.3235899066,1200.490743,66.9559793368,0.4363636255,0.4236363758,0.0323763544,-1.9496402878,4.0422794118,0.3145280502,7.685956785
73,101.1538461538,55.72753,5.6213821552,2.4346702174,0.4390959707,-3.3757364744,1201.53216874,66.0556057595,0.4537499888,0.4419642985,0.032396779,-2.0629370629,4.1547619048,0.3180121711,7.690058457
74,117.9166666667,62.297338,5.3185013114,2.4123991809,0.4243529466,-3.4879376056,1211.81444824,63.7247341428,0.5557175521,1.0637500323,0.0327230804,-2.4885654886,4.4514435696,0.322971303,7.756666656
75,106.619047619,144.714246,5.0716492067,2.2629146298,0.6036670973,-3.2524381473,1250.15583827,59.5666702498,0.5027432466,1.1561379646,0.0325870363,-2.2853636769,4.9674556213,0.3301702387,7.855508474
76,120.1333333333,149.547676,5.0266619307,2.2657627566,0.5967056239,-3.2846596753,1244.85850716,59.1649438727,0.5329851373,1.1659333674,0.032711884,-2.405656304,5.0027247956,0.332273547,7.886762154
77,175.2916666667,10.010004,2.9325251428,2.310311936,0.3486224003,-4.5631467728,999.277783203,74.7492311439,1.41699996,1.6900000572,0.0364367677,-6,3.2818181818,0.3653087815,8.141388931
78,114,41.843393,2.874091119,2.3054270681,0.3445636034,-4.578308778,1061.27447074,73.1840858366,1.4135713918,1.5535714797,0.0320513847,-5.9845440495,3.212195122,0.3422053357,7.995899491
79,205.64,7.524722,1.1673404435,1.7531915193,0.1884905729,-3.5048342873,855.345669217,73.7787112674,1.4033333063,1.3116667072,0.0351675736,-4.9444444444,5.8302752294,0.3551662527,8.724691348
80,292.2,4.9906,2.5111155301,2.1700199683,0.2952786523,-4.3583647338,850.566662598,241.411846213,1.3999999762,0.7400000095,0.0392374351,-6,20,0.3558422148,9.861666564
81,311.5833333333,42.84527,8.9148594473,2.612846551,0.5484416249,-2.1684455005,928.990741548,68.3686659521,1.4104347488,1.4747826587,0.0388611526,-5.5926204819,4.2825242718,0.3605182252,7.824933896
82,79.8260869565,31.021869,1.0878056087,2.2066218004,0.2745281641,-5.3298606639,1119.7027832,74.6115817558,0.5287499875,0.5437500179,0.0277946197,-1.6172839506,3.2034883721,0.3022526348,7.517222137
83,151.1,89.8859,2.7331410861,2.2913109113,0.3306559718,-4.6205539135,1066.08172254,66.6989998113,1.0543955787,1.0692308028,0.0301877937,-4.4525521208,4.1116722783,0.3373084721,7.670571623
84,175,91.955402,2.7263719199,2.2870991394,0.3294346372,-4.6104527083,1060.34837935,66.780536006,1.0582608438,1.0733695989,0.0303582197,-4.4807017544,4.1091008772,0.3374354188,7.698958312
85,351.4193548387,26.591694,13.8823017151,1.9955923879,0.344157219,-2.7543466828,991.759256999,122.737571137,0.2153846117,0.1538461538,0.0419337326,-1.1423357664,8.7037037037,0.4438329207,9.631944402
86,69.8260869565,14.787078,1.3453846299,1.1507692475,0.4217116957,-1.4517725018,1183.64378475,60.4749984741,0.2826666594,0.2600000064,0.0272595548,-0.3157894737,4.5,0.3067602866,8.105066037
87,116.6129032258,7.93424,1.0780633071,1.1939620539,0.0533823462,-1.516645805,1180.18652344,72.8380241744,1.4174999595,1.1125000119,0.0255817326,-5.8865546219,3.2168141593,0.3093663566,8.308333369
88,127.7142857143,23.783934,3.0987756673,1.828651594,0.2767496227,-2.6491628638,1089.17874013,73.103153037,1.3139933762,4.1308696892,0.0312691698,-6,3.2175141243,0.3277422073,8.792391304
89,116.9393939394,11.266733,2.2300798654,1.2697870636,0.0707491906,0.6499940015,780.114196777,91.7325802833,0.7733333409,0.324999998,0.0323307588,-2.5789473684,14.4242424242,0.3536833687,10.46172841
90,168.1666666667,10.681261,9.3491713603,3.9589171518,0.440650847,-1.7705485678,898.311102295,63.4418090918,1.4109090567,1.4709091403,0.0388341135,-5.1114457831,4.064516129,0.3630313684,8.023333206
91,242.1111111111,13.554144,3.4881484018,2.3415430528,0.3625470635,-4.3322151525,821.156742641,71.5639008771,1.4107691967,1.4153846594,0.0364754511,-6,3.5911330049,0.3714304626,8.539087241
92,184.6666666667,47.999927,8.2269150975,2.6029679471,0.5487904868,-2.3435637717,1111.66962319,62.78440575,1.4110416323,1.4031250427,0.0325049392,-5.9041278296,4.4541547278,0.3729647243,7.505614666
93,555.7647058824,1.608639,6.6712882599,2.1772393471,0.44817129,-1.6679220214,989.981071492,72.5499966939,1.4099999666,1.4500000477,0.0358812641,-5.4,3.1346153846,0.370130798,7.734841997
94,866.8666666667,0.47777,3.0899999142,1.4299999476,0.0700000003,-2.1784865856,685.130340886,235.580663045,1.3929820377,0.6768384798,0.0433268131,-3.5,20,0.3803901287,10.62258109
95,251.5384615385,14.057587,1.9379388851,2.2247050984,0.2978479571,-4.8990511267,781.766662598,75.0323818752,1.4106666327,1.4200000445,0.038561649,-5.9449541284,3.137755102,0.3546685193,8.860185241
96,134.4615384615,12.079506,8.6131696028,2.6282114288,0.5643299818,-2.1966885743,1086.06481934,62.0130429401,1.4123076567,1.3461538828,0.0348438395,-6,4.5944444444,0.3846062894,7.582407442
97,223.0588235294,15.298036,12.8788281808,2.3663260871,0.3596030067,-2.0985527584,1044.159729,61.7936448263,1.4115384267,1.3807692711,0.0358087875,-5.1139240506,3.7142857143,0.3765124508,7.663368034
98,292.5,1.453974,1.35310347,2.1906897052,0.2840157236,-5.043730231,817.055541992,144.648748398,1.3999999762,0.7400000095,0.0380562851,-6,20,0.3548239172,10.02222251
99,216.2727272727,17.890392,8.0726550104,2.5992343187,0.5447846322,-2.4267737911,1019.56698788,60.650990351,1.4116666317,1.4777778255,0.0347693058,-6,4.6857142857,0.3762935933,7.636111136
100,189.3636363636,11.963038,5.5736912097,1.9326007366,0.3330994631,-1.4062759189,1426.3083374,46.8907357346,1.4099999666,1.4500000477,0.0424943767,-6,4.6264367816,0.3157883259,8.271666717
101,167.4615384615,5.383837,6.9070521638,2.3677985855,0.3860420389,-1.718277008,1423.7111084,47.9681166035,1.4099999666,1.4500000477,0.0434300955,-5.9464285714,4.7894736842,0.3228747696,8.288889007
102,287.0909090909,2.98121,7.8743242219,2.459290643,0.4841804844,-2.0051705807,1396.97220866,42.7137556076,1.4099999666,1.4500000477,0.0418739346,-6,4.9,0.3969407082,8.426851908
103,204.4,7.265487,7.221255024,2.3097818109,0.4594614806,-1.8351653455,1324.64287458,66.9437475204,1.4157142469,1.457142898,0.0441256342,-6,3.9863636364,0.3295673355,8.963492039
104,223.4444444444,7.30744,7.2288465836,2.3115197664,0.4604324852,-1.8371415601,1324.64287458,66.9437475204,1.4157142469,1.457142898,0.0441256342,-6,3.9774774775,0.3295673355,8.963492039
105,282.7727272727,1.061363,5.8398094541,1.9935238793,0.3268499896,-1.4755511119,1291.7622839,74.9649963379,1.4149999619,1.2250000238,0.0418675467,-6,3.2692307692,0.3369723448,9.140661787
106,136.75,12.085768,8.5947669411,2.6300167523,0.5612743001,-2.197125486,1317.6861084,73.1329276425,1.4142856768,1.3892857518,0.0410433463,-5.9836956522,3.3093922652,0.3124245405,9.118888855
107,241,0.212899,2.2914999843,1.1845000088,0.0299999993,-0.6228025645,1278.5743505,74.9649963379,1.4156985114,1.1935652612,0.0488272452,-6,3,0.3918759807,9.191373382
108,231,3.267998,8.5149845028,2.6076001127,0.5643299818,-2.15733086,1083.36108398,76.2501424154,1.417999959,1.4600000382,0.0413340323,-6,3.0714285714,0.3735936781,9.623148091
109,247.8125,0.281778,3.1199999956,1.4607692682,0.0199999996,0.418719365,920.583361812,81.8000030518,1.3034682007,1.5565318136,0.0349068944,-6.5,14,0.333637896,10.42035517
110,448.5,1.256103,6.4793547353,2.1654839208,0.4082257771,-2.1912327044,918.481536156,90.8441696167,1.5700000525,0.9300000072,0.0353930756,-3.2857142857,13.1111111111,0.3077672777,10.80288422
111,155.8947368421,1.01941,6.546499927,2.1892000854,0.4042329282,-1.2122960365,971.480790649,80.5938253964,1.3918932253,1.4530157397,0.0379009359,-5.75,14,0.3339120783,10.15253709
112,274.6153846154,4.505316,7.9840043978,2.8419240164,0.4622061975,-2.0015780545,882.083337402,67.4135562957,1.4116666317,1.4900000493,0.0427734343,-5.7028985507,3.5970149254,0.3551866412,9.650000152
113,308.9166666667,8.053213,2.7372625783,1.3604561895,0.0598305086,-1.4277487357,731.96030971,65.507132609,1.3988888794,1.0666667091,0.0477808468,-2.9418604651,20,0.3824944161,10.01626979
114,390.2,4.291164,1.2138497807,2.1114319611,0.2404918125,-5.0107098572,793.155554199,72.4102749295,1.4099999666,1.4500000477,0.0429575541,-6,3.9230769231,0.3648873568,8.919444274
115,184.2222222222,4.040069,8.6199998856,2.6300001144,0.5643299818,-2.1992828846,1353.88891602,57.1702621192,1.4124999642,1.3375000358,0.0486011277,-6,4.9508196721,0.3908065259,9.098611259
116,182.4722222222,23.520315,7.689872186,2.4177097624,0.5022506836,-1.9710461513,1333.25926208,57.3431545554,1.3984615069,1.2923077162,0.0489571342,-6,4.9675141243,0.3925499672,9.245949109
117,158.2,47.557223,8.6106606414,2.6279735151,0.5643299818,-2.1992477631,1184.23759298,66.7557077159,1.3997825773,1.4163043836,0.0442538091,-6,4.1456241033,0.3513287219,8.832328617
118,159.7222222222,47.34996,8.617655175,2.6294913164,0.5643299818,-2.199274067,1184.23759298,66.719859294,1.3997825773,1.4163043836,0.0442477728,-6,4.1388489209,0.351920301,8.832328617
119,170.4,13.991839,7.7159627253,2.4230856017,0.4787925589,-1.9650011766,1381.12300328,64.0061296857,1.3814285483,1.478571466,0.0467751964,-6,4.9613259669,0.3756619692,8.851388931
120,484.5454545455,0.639949,3.5458064387,1.551290366,0.1832989942,0.2160353199,814.467382826,221.848794556,1.5974854796,0.6999999881,0.0320918492,-2.5,20,0.3435956715,10.88990892
121,292,3.732618,0.8997843786,1.5274932404,0.0369038461,-1.3216642852,838.673599243,102.791202337,1.5750000477,0.8149999976,0.0300329557,-7.0847457627,13.6666666667,0.3748480231,10.79375
122,315,1.471507,1.0938775685,1.3775510107,0.0261666663,-0.4146552913,903.237379401,79.7495010376,1.5750000477,0.8149999976,0.0331123164,-6.5,9.2857142857,0.3579318846,10.52539994
123,530.4761904762,1.234813,3.8341128845,1.6125806926,0.2105154933,0.078801331,821.897407395,221.549181938,1.437130098,0.7791448649,0.0279814651,-2.5,20,0.3214162491,10.81933372
124,355.5555555556,22.011864,2.8319528731,1.3831764283,0.0239891642,-1.6688539554,790.509256999,222.157235792,0.4572727193,0.3018181839,0.0237196692,-1.4722222222,19.5737704918,0.4043553881,10.25802476
125,190,41.68685,8.2559673848,2.807692028,0.4921556657,-2.0827408003,1246.0479875,80.8117707898,1.422926801,1.3595122317,0.0356514091,-7.6134259259,8.591222031,0.3150395439,6.577651518
126,188.25,53.105117,8.123789584,2.7402611227,0.4869722901,-2.0047862001,1230.52282279,86.9943073869,1.4177358218,1.2894339933,0.0362631929,-7.6805555556,9.4312668464,0.3267044777,6.793105173
127,205.4210526316,107.508291,8.0459971241,2.6811937755,0.4931673034,-1.9891563361,1224.71627154,66.7173860546,1.4148623539,1.4269725188,0.0360707868,-7.6890024039,7.3752515091,0.3215983224,6.880853189
128,336.8333333333,15.58858,8.5169298811,2.6073090404,0.5572025148,-2.1517429112,1023.04257406,159.740890103,1.4049999714,1.0121428796,0.0433133183,-6,15.4317180617,0.3189334098,8.691296285
129,171.4444444444,30.963635,8.3068616387,2.7201898057,0.509718966,-2.1387176911,1232.51094564,79.5887398709,1.4283333063,1.3430000365,0.0357722998,-7.7193347193,8.4002320186,0.3141574923,6.581228972
130,194.0526315789,5.3112,7.3524241484,2.3398107001,0.4799620898,-1.8693109428,1278.2611084,45.0291369351,1.4099999666,1.4500000477,0.0354115129,-7.6296296296,4.7950819672,0.2776965747,6.496666564
131,221.4285714286,10.787084,7.9270925058,2.6525649058,0.5021444355,-1.9699709126,1255.40404164,42.9773919479,1.4116666317,1.5291667183,0.0353482348,-7.6130952381,4.872,0.2850089832,6.600252498
132,192.4666666667,35.927309,7.8769319842,2.6266036549,0.4883001376,-1.9423197384,1228.366953,41.9341174546,1.4126315431,1.575000054,0.0351311747,-7.6630630631,4.946875,0.3011134495,6.725804088
133,170.8,44.308637,7.9976256163,2.6615130579,0.4969622631,-1.9742679278,1232.19857723,42.2990185992,1.4122726917,1.5579545986,0.0355908923,-7.6856725146,4.9522240527,0.3112719198,6.818557925
134,210.4117647059,53.537176,8.0379453696,2.6409433155,0.5044222046,-1.9947135654,1219.53188974,44.1316011304,1.4125454187,1.573636417,0.0359080813,-7.7165450122,5.140625,0.3166601821,6.954012362
135,246.4705882353,21.509673,8.0899437476,2.5771549922,0.5129418882,-1.9798883204,1187.7083252,45.9226758752,1.4133332968,1.608333389,0.0354708676,-7.8855421687,4.9753289474,0.3322490313,7.202083282
136,334.625,96.053706,6.5421443467,2.1968430076,0.4044182964,-1.6543517051,1189.97431404,45.164209001,1.4127834691,1.5964949008,0.0369878518,-6.8483935743,5.0570397112,0.3277235781,7.277807674
137,223.2962962963,45.318654,5.460851283,1.9286811377,0.3301113157,-1.3861921512,1194.19259169,41.6628956155,1.4122221867,1.5555556085,0.036146727,-6.8719772404,4.9375951294,0.3235134829,7.069197574
138,184.1428571429,24.532837,3.8165867149,1.5316294547,0.2083946025,-0.9765429994,1216.44697155,40.8628003303,1.4126086598,1.5739130974,0.035044119,-6.5771276596,4.9458689459,0.3071444165,6.839015163
139,147.7777777778,2.476515,6.3232257289,2.1041936259,0.4307474862,-1.6013927498,1295.41666667,39.5750007629,1.4199999571,1.9250000715,0.0341911688,-7.3846153846,5,0.2819962502,6.648148091
140,248.7368421053,10.400109,8.2711968035,2.5629537759,0.5291310356,-2.105024782,1172.9861084,44.9997389846,1.4118181467,1.5363636884,0.0381916321,-7.8518518519,4.954248366,0.3539122906,7.270277862
141,257.1764705882,2.560422,4.3258365305,1.6469261155,0.2831036752,-1.0814377104,1133.402771,46.0641794707,1.4199999571,1.9250000715,0.0395759441,-6.75,4.7236842105,0.3889845759,7.306944656
142,298.8571428571,12.407621,6.7696620233,2.2070555956,0.4382521208,-1.7089232736,1094.72727273,54.180184586,1.4146153468,1.9307693151,0.0407163804,-6.7015706806,5.4590163934,0.3948911365,7.631818181
143,242.2777777778,13.85408,3.1509320548,1.3797254603,0.1641532613,-0.7521902728,1247.42776693,63.1388973495,1.4061538164,1.4153846594,0.0381466534,-5.9651162791,6.0360576923,0.3227954665,7.475370279
144,200,16.217258,8.0018225556,2.4884791685,0.5124751734,-2.0383606076,1235.90625,41.5593220789,1.4122221867,1.5555556085,0.0365890623,-6.9206349206,4.9155844156,0.3003030489,6.672916531
145,167.125,10.470867,5.2577777174,1.8602778382,0.304385666,-1.3240381595,1212.44444444,48.6733460245,1.4077777465,1.3611111509,0.0366483292,-7.1975308642,5.2960526316,0.3119880135,6.816666497
146,199.2307692308,43.687473,7.1183515829,2.2866323686,0.4455939985,-1.8171596575,1223.41336205,53.6953914125,1.4099999666,1.4602273188,0.0363987621,-6.8407079646,5.6629570747,0.3065703485,6.831415258
147,242.5,16.662467,7.9259529934,2.4712688944,0.5198024833,-2.0220229732,1246.1573961,44.7119864802,1.4111110767,1.5194444921,0.0363585962,-7.7230769231,4.9578313253,0.3240980516,6.77160494
148,228.5714285714,76.825807,7.4030845525,2.3525878071,0.4702297954,-1.907850221,1219.69047566,54.6961640014,1.4094871466,1.441025685,0.0364310357,-7.1087321579,5.7068493151,0.3251699219,6.938888842
149,159.8571428571,29.389436,8.4678497505,2.5969838055,0.551475065,-2.1987107038,1253.9962972,44.1976411617,1.4142856768,1.6535714865,0.0366161467,-5.9945770065,4.9086757991,0.3211327565,7.176111081
150,169.4117647059,3.711328,8.6199998856,2.6300001144,0.5643299818,-2.1992828846,1173.33333333,39.5750007629,1.4219999552,2.0200000763,0.0394716271,-6,5,0.2904140999,8.176851654
151,111,13.269235,8.5930709904,2.6238352123,0.5643299818,-2.1922728263,1286.66071429,42.8028713286,1.4099999666,1.4500000477,0.0347458882,-5.9928571429,4.9973958333,0.2948442446,7.300992093
152,122.5,41.226613,8.16315985,2.689188233,0.5253669341,-2.0327136733,1285.1569458,41.8808215589,1.4134999633,1.616250056,0.0370542954,-5.7735849057,4.9081632653,0.3158444799,7.745486183
153,119.0909090909,15.74888,8.4735907768,2.6910070721,0.5430380882,-2.1356411564,1284.46353912,42.7520198822,1.4124999642,1.5687500536,0.0363739484,-5.9135802469,4.8804347826,0.3118150185,7.701215362
154,145.6666666667,8.477758,8.6199998856,2.6300001144,0.5643299818,-2.1992828846,1233.37224121,39.3867462282,1.4099999666,1.4500000477,0.0344373154,-6,5,0.320056323,7.553333358
155,90,1.222916,8.5980326778,2.6793443727,0.5643299818,-2.1788795102,1550.277771,39.5072951847,1.4099999666,1.4500000477,0.0335269623,-5.9166666667,5,0.3139001876,7.548611068
156,370,9.385709,4.2942614145,1.3827311642,0.1599477157,-0.8186158978,1173.47840712,59.5088382609,1.4059999704,1.3380000353,0.0411931118,-5.9765100671,5.8888888889,0.3411363158,7.894135708
157,232.5,12.590463,3.8676825016,1.5420397206,0.2130301591,-0.9621722732,1208.24406215,42.6291964588,1.4130768868,1.5961539012,0.038272536,-6,4.9760638298,0.3164903161,7.948412868
158,232.5,18.17217,8.2600878034,2.5476045043,0.5420662325,-2.1055915294,1262.78085666,42.3922887185,1.4099999666,1.4500000477,0.0426126198,-6,4.8861940299,0.3889877294,8.642438252
159,277.5,26.245421,7.3734324,2.345244183,0.4744687774,-1.8665456299,1227.67776855,42.5552301078,1.4114285367,1.517857194,0.0425779035,-6,4.9024064171,0.3745460863,8.805888855
160,105.9565217391,5.806503,7.4385441,2.4046101531,0.4917391508,-2.0910696262,1248.14353434,40.9242248535,1.4133332968,1.608333389,0.0360510156,-5.8021978022,4.9534883721,0.2980959093,7.422222137
161,150.3,13.948006,8.4488047821,2.5928510812,0.5521543665,-2.1986390827,1227.53634878,42.8356256485,1.4139999628,1.6400000572,0.038338354,-6,4.8862559242,0.3120843192,8.005128126
162,134.75,61.037478,8.1268580676,2.517688878,0.5251540235,-2.0834855145,1241.05648804,45.8066291621,1.4113558975,1.5420339512,0.0363165062,-6,5.0180798005,0.323516564,7.330787022
163,133.4615384615,22.949245,8.5794744922,2.6207225306,0.5611111265,-2.1887334221,1204.66556152,41.7554134238,1.4099999666,1.4500000477,0.0375293454,-6,4.9003115265,0.3117144173,7.422333252
164,68,5.15904,8.6199998856,2.6300001144,0.5643299818,-2.1992828846,1338.82405599,39.5750007629,1.4099999666,1.4500000477,0.0330633179,-6,5,0.2721163601,7.133796437
165,249.0909090909,113.750611,8.4472107822,2.6386703335,0.5525661493,-2.1640966702,1310.07686957,42.4878420658,1.4103539486,1.4668142078,0.035685407,-5.9625638117,4.9362459547,0.3002193257,7.182303675
166,81.25,19.033785,8.5291822766,2.6000525212,0.6076012981,-2.1874839205,1330.40123834,43.4039914542,1.4110525972,1.5000000502,0.0352899237,-6,4.8536036036,0.3018878384,7.093827184
167,148.3333333333,59.232847,7.5075485416,2.3753460617,0.4826016415,-1.910172552,1218.84574236,44.6321451294,1.4126315431,1.5989474246,0.0366012788,-6.4065217391,5.0794016111,0.3197164983,6.872569479
168,144,84.207762,7.4261444105,2.3576146639,0.4777182392,-1.9084294128,1209.92514113,45.4750772511,1.4121428217,1.6261905347,0.036490731,-6.4631901841,5.1306865178,0.3171931909,6.950745261
169,220.9090909091,45.549086,7.3796677445,2.346962258,0.4769819786,-1.8960645577,1205.42933721,46.0114480081,1.4127659214,1.6165958009,0.0355382073,-6.6345609065,5.1390625,0.3092778024,6.868840607
170,609.0909090909,0.524733,1.4700000286,1.1100000143,0.0124999997,1.2041200399,853.805463351,143.402999878,1.6183820524,0.4759947079,0.0202196086,-3.5,20,0.3506047104,10.24379462
171,445,29.508409,4.4121469928,1.7517913503,0.0339846722,-1.8651042512,942.843518066,120.41973424,1.3903845915,1.4519231228,0.0429741118,-5.8766519824,10.1307506053,0.3273732724,8.013425954
172,414.5454545455,7.476507,6.1413789092,1.6800534954,0.0133973215,-1.8409128563,932.465270996,187.927143586,1.3587500006,1.1425000429,0.0446043012,-5.593220339,18.5263157895,0.3243525699,7.971180725
173,342.7272727273,9.847199,11.9098783262,1.5349339636,0.020219388,-1.8202968709,925.4777771,185.158083783,1.3663636338,1.0927273143,0.044839051,-5.2870967742,18.8648648649,0.3314057832,8.026389083
174,231.6666666667,46.061295,10.7573466108,1.659610411,0.2411675936,-0.5679874367,1006.009257,87.3415018473,1.6095555597,1.6733333627,0.0251200678,-3.7216783217,12.3648351648,0.310990618,9.106666632
175,368.6666666667,4.488409,2.2278841378,1.773607981,0.067377418,-1.8978135389,853.777783203,93.3292116605,1.4099999666,1.5250000358,0.0421509368,-6.0555555556,4.9538461539,0.3531954944,8.18944458
176,157.5,15.695029,6.6999366719,2.3156357498,0.4045925204,-1.8573064607,1306.65925293,39.4642098167,1.4142856768,1.6535714865,0.0353729335,-6.8831967213,5,0.2885196805,6.253148117
177,190,40.044398,7.9310983539,2.5007836267,0.4760081097,-1.9896409976,1223.96409644,40.9752828661,1.4142104889,1.6500000577,0.0357970672,-7.0385232745,5.0494505495,0.3041257687,6.826219493
178,292.5,66.855879,9.830987433,2.6439067021,0.4535965423,-1.9684272636,1159.80597756,44.9068188527,1.3904687148,1.5681250542,0.0367281076,-6.6335583414,5.1614130435,0.3091813021,7.147937699
179,114,8.725723,8.6199998856,2.6300001144,0.5643299818,-2.1992828846,1021.03612671,95.8973096591,1.3562499881,1.4525000304,0.0404015978,-6.0597014925,5.9053030303,0.3219307773,8.18222229
180,148.4615384615,9.565421,8.6199998856,2.6300001144,0.5643299818,-2.1992828846,1015.40279134,102.882427634,1.3588888778,1.4100000329,0.0402027181,-6.0675675676,7.2568493151,0.3221096165,8.206250063
181,153.1666666667,19.425143,9.6449481051,2.5155648737,0.5301438181,-2.0657924764,1067.73099879,46.4870240998,1.4099999666,1.4050000429,0.0380912458,-5.995049505,4.904109589,0.3350315005,7.954093611
182,154,5.339378,7.9838959928,2.4919667001,0.5116014504,-2.1968907315,1147.65275065,69.6961126083,1.3679999828,1.5360000372,0.0344014177,-6,4.6075949367,0.282296598,7.711574173
183,150.9090909091,0.606136,8.5065078243,2.6058731287,0.5643299818,-2.145260616,1016.53203795,197.177993774,1.3969412895,0.7904683949,0.044918647,-6,20,0.3385778719,8.595174898
184,159,9.400111,8.6199998856,2.6300001144,0.5643299818,-2.1992828846,1051.89443359,93.2969459534,1.4118181467,1.3681818572,0.0408844383,-6,5.690647482,0.297883004,8.461944427
185,134.1428571429,18.302414,8.6160927818,2.6291695133,0.5643299818,-2.1974231016,1073.19998169,76.30611301,1.3988234997,1.4352941583,0.0403313069,-6,3.1399253731,0.2983759532,8.255138855
186,202,14.314318,8.6199998856,2.6300001144,0.5643299818,-2.1992828846,1126.10119629,68.4076603379,1.4085713966,1.4935714773,0.0360891815,-6,5.8403755869,0.3074920944,7.897420719
187,178.5,6.861605,7.9108930297,2.6230601217,0.4824031478,-1.9727208483,1235.31481934,41.6457760877,1.4133332968,1.608333389,0.0338172805,-7.7333333333,5,0.2972893843,6.864814694
188,204.6666666667,14.905425,4.2360559221,1.6639374165,0.2218572658,-1.0479208439,1252.98612213,52.1033487009,1.4099999666,1.5021429062,0.034811666,-5.9805194805,5.5460829493,0.3074262617,7.542708253
189,152.7272727273,9.599234,8.6199998856,2.6300001144,0.5643299818,-2.1992828846,1218.96211381,42.0530236653,1.418888847,1.8722222911,0.0360735696,-6.357615894,4.9676258993,0.3389762408,6.743939451
190,197.375,8.076381,8.6199998856,2.6300001144,0.5643299818,-2.1992828846,1112.06172689,66.6216117457,1.4162499607,1.6312500536,0.0407823153,-6,4.1313559322,0.3056885941,8.233950636
191,127.5,1.405133,8.6199998856,2.6300001144,0.5643299818,-2.1992828846,1079.73960522,89.1199486142,1.4199999571,1.9250000715,0.0410021544,-6,4.5454545455,0.3532907069,8.177748012
192,276.2,40.475205,5.5248693354,1.9009143049,0.3153058883,-1.3442866857,1218.69792175,60.1515612472,1.4087499678,1.566250056,0.0364732568,-5.9530254777,5.7555366269,0.3259715319,7.679513816
193,218.8888888889,19.853445,8.0430024147,2.5061210117,0.5160963502,-2.027076103,1168.08040579,42.154928018,1.4129999638,1.5925000548,0.0381016822,-7.5344262295,4.9745762712,0.3438266265,7.348099437
194,182.4,1.405133,5.489219794,1.9132624755,0.2844428481,-1.3842865449,1274.05091873,39.5750007629,1.4099999666,1.4500000477,0.0334459698,-6.6956521739,5,0.2828644667,6.687973259
195,149.6666666667,11.379444,7.9171151339,2.7053738777,0.4835868519,-1.9524942861,1240.92733999,39.5750007629,1.4118181467,1.5363636884,0.0342772522,-7.6914285714,4.9878048781,0.2876083434,6.48867522
196,228,49.599174,5.5361508185,1.9441554065,0.334797798,-1.4050459442,1194.58956971,41.8498382299,1.412083298,1.548958386,0.0362588442,-6.859922179,4.9374120956,0.3211637953,7.092290294
197,183,0.67251,48.2000007629,0.6999999881,0.0500000007,-1.6126102209,1041.98472233,68.1113021851,1.4099999666,2.1300001144,0.0334196407,-6,6.5,0.332619691,7.098531738
198,179.625,3.549775,5.7799999312,1.9798315295,0.3382672969,-1.4599816561,1252.2013855,41.0528329441,1.4099999666,1.4500000477,0.0333887078,-6,4.9903846154,0.2957701534,7.583333206
199,149.7692307692,9.537243,3.5551037027,1.4842427707,0.1664246757,-0.8770856599,1290.05051491,40.9200965828,1.4124999642,1.5687500536,0.0325618427,-5.9896551724,4.9724137931,0.3015149415,7.350252463
200,165.8333333333,16.345623,8.4632292459,2.5941102037,0.5530571974,-2.158472769,1214.22220866,43.3493383408,1.4174999595,1.8062500656,0.0363556796,-6.6770428016,4.9600840336,0.3088707998,6.792284011
201,214.8571428571,13.131477,8.6199998856,2.6300001144,0.5643299818,-2.1992828846,1033.0908869,157.378410222,1.4049999714,0.9983333548,0.0435984879,-6,14.8826530612,0.3174769833,8.623232338
202,226.625,8.075755,4.4115241168,1.6665427977,0.2674799915,-1.1037436748,1205.77469889,56.1541872806,1.4085713966,1.4171429021,0.0357957832,-6,5.5247933884,0.303190466,7.599382782
203,492.8571428571,5.073255,35.0100812008,0.8157258019,0.0409210531,-0.8175653892,1147.75,91.4565537942,1.3279999971,0.9980000019,0.0407782108,-3.79375,5.8851351351,0.3355022907,8.456481425
204,458.75,9.103931,4.6660812799,0.9888583972,0.0312307686,-0.4408193933,876.0527771,80.6050033569,1.6162500083,2.0099999905,0.0438313045,-4.8518518519,5.5,0.317015022,8.391666717
205,344,1.648714,1.7192307802,1.1592307733,0.0271428568,0.6837190206,886.569458008,69.8939971924,1.7300000191,2.0750000477,0.0164055634,-3.5,20,0.3450330599,9.720833206
206,205,1.152159,1.5624561394,1.0142982466,0.0299999993,-0.3620818827,1193.16171894,92.5325012207,1.3831965999,1.1781332472,0.0383190094,-5,5,0.3409622471,8.55495699
207,755.5555555556,2.137755,5.0643661492,2.4301409285,0.4447584311,-3.6770976564,997.13885498,176.479707429,1.3999999762,0.7400000095,0.0445096483,-5.8285714286,15.46875,0.3564262837,8.265277862
208,835,0.667501,1.8634285723,1.1877142838,0.0299999997,0.3826298594,813.218259949,71.8640975952,1.7300000191,2.1800000668,0.0242313897,-6,20,0.371831341,10.16388854
209,645.75,3.858479,1.4700000286,1.1100000143,0.0161403505,1.2041200399,852.215286255,137.010912688,1.7150000334,1.3400000334,0.0187301215,-3.5476190476,20,0.3248005311,10.20763874
210,495.375,0.950531,3.7326582112,1.5910127042,0.1337849958,0.127093798,839.777770996,81.2030745286,1.4813571421,5.5865547206,0.0196047338,-4.1875,20,0.3348555267,10.30555534
211,133.9365079365,93.208375,5.4372121483,1.9109743308,0.3181432278,-1.5180226758,933.355115717,76.6105830134,1.2251110845,1.1522222466,0.0336480378,-3.9193324061,4.6026645768,0.3591769313,9.510321963
212,222.3333333333,310.753443,5.8897883738,2.0048449398,0.3547238593,-1.4921855614,850.021167031,78.7279120721,1.4754635609,1.5360265193,0.0343947867,-4.0680921736,5.2049544546,0.3421903897,9.366961417
213,195,18.983065,1.8872908899,1.0933876926,0.0468726968,-0.5166351826,759.204248765,74.8680224502,1.4216666354,1.3083333671,0.0363219022,-4.7448979592,4.5528169014,0.3495609817,9.668790974
214,158.2,364.123431,8.1063047011,2.515121322,0.531463692,-2.0882508973,982.944442749,59.2112758628,0.4189100746,0.4398092701,0.0358631302,-1.4465899026,4.4748427673,0.3842851147,7.977957789
215,169.5551724138,613.793686,7.9783607143,2.4812025623,0.5197936181,-2.0329466135,967.250934228,59.0009915684,0.6669706694,0.7111563692,0.0367367434,-2.4123581337,4.6855918586,0.3772515913,8.233688721
216,513.8333333333,1279.479591,7.8748607722,2.3681999824,0.4167392935,-1.6024840173,944.504945687,60.8243738229,0.3505973548,0.3801784426,0.0379996236,-1.2735739818,4.7605515588,0.3779472716,8.425190249
217,89.472972973,22.419503,2.0339999914,1.1222500086,0.0679308314,-0.4848329231,986.60984941,74.0987014771,1.4627272541,1.5536363992,0.038918025,-4.0377906977,4.5,0.3665786684,8.662247467
218,108.6442307692,6.793978,6.846073473,2.6923383036,0.3290344453,-1.8661290278,1143.71113281,89.1157938136,1.3814285483,1.478571466,0.043131246,-5.25,6.6844660194,0.3523452096,8.145555572
219,445.0606060606,0.201171916,2.9279999256,1.3979999542,0.0575000001,-1.8402259231,543.250683191,143.559488626,1.3899999857,0.6499999762,0.0260202068,0,7.2979935496,0.3541144395,9.616595484
220,435.606557377,0.5532639746,1.9559999943,1.2059999943,0.0344444443,0.1893380523,544.596441997,150.168106492,1.3899999857,0.6499999762,0.0235777702,0,7.4050357652,0.3340259276,9.622868024
221,249.7222222222,13.7861702578,2.0135976511,1.1886123326,0.1409843975,0.3798570887,650.244445801,173.435142812,1.5324999988,1.2758333584,0.0272410636,-3.7359813084,20,0.3575738609,9.363333333
222,182,10.5034213574,20.064143115,1.5272952611,0.5202665349,-1.202355563,829.050006104,83.3900096416,1.5890909325,1.0200000026,0.0359987956,-4.8878787879,5.5754716981,0.2977011472,8.136111068
223,182.3235294118,51.948575,12.9473931668,1.5378617328,0.2637492423,-2.2113818608,857.427770996,92.46251297,0.213962267,0.150000002,0.0360528527,-0.5712515489,6.3703703704,0.3207968996,8.148333129
224,137.3513513514,15.6131972617,18.0645787478,1.5836813753,0.3283856336,-1.1910013182,836.810170492,84.6280869756,1.6460000118,1.4086666981,0.032996104,-5.1591836735,5.7822222222,0.3168595892,8.322453626
225,132,15.6131973105,18.0645787478,1.5836813753,0.3283856336,-1.1910013182,836.810170492,84.6280869756,1.6460000118,1.4086666981,0.032996104,-5.1591836735,5.7822222222,0.3168595892,8.322453626
226,229.7230769231,100.049942,5.4048005578,3.1588036061,0.057212973,-2.0058415216,891.723151652,112.803580289,0.3505050522,0.213131311,0.0390969391,-0.9679075738,7.5757575758,0.3421261078,7.82523145
227,267.25,6.6387187793,4.4089562269,2.1911951264,0.0338839576,-2.5406579075,912.394458008,106.555235121,0.6828571558,0.5699999843,0.0365589803,-5.9230769231,6.8571428571,0.301597178,7.709444427
228,178.8571428571,2.4874721231,1.7542509724,1.1866396794,0.0234242417,-1.1557273884,796.907409668,80.6050033569,1.4950000048,1.0750000179,0.0397913899,-6.2857142857,5.5862068966,0.3309017718,7.520370229
229,212.9436619718,16.703794,1.9279606855,1.0010810931,0.0911090542,-1.8769360486,967.638894474,92.2109046004,1.4470587969,1.5194118093,0.0314384958,-6.390625,6.4778761062,0.3151093405,6.354575101
230,233.8965517241,16.301791,1.9139207023,0.959383271,0.086989997,-1.8856259379,967.638894474,92.3713570354,1.4470587969,1.5194118093,0.0314652795,-6.352,6.4796380091,0.3151093405,6.354575101
231,189.7,14.490899,2.1633402775,0.7376339764,0.0832208032,-1.8467467731,1017.19675191,96.4536130996,1.4785714064,1.6064286232,0.0282257601,-4.5955555556,6.6842105263,0.297817421,5.760416603
232,81.2054794521,3.0132334668,2.6354152604,1.9885049269,0.7035781808,-1.2561439253,980.236083984,100.260589337,0.7739810348,9.1325002909,0.0292446001,-7,6.625,0.2854950577,5.740277671
233,108.1219512195,7.6471732578,2.8218039098,1.5306666981,0.1851051284,-1.6459210291,968.524307251,103.26233999,1.2937034369,6.1514287676,0.0308332353,-6.4537815126,6.7548076923,0.3045629561,6.183333349
234,160.1587301587,26.4348401328,4.0419101298,1.4416232947,0.221282637,-0.7238347339,839.849543254,96.3462003491,1.4121428217,1.353571466,0.0360973918,-5.6859903382,6.3427109974,0.3253811073,8.214814853
235,381.375,0.705697,3.5277465733,1.6973239419,0.0070000002,-2.5846209106,658.375620187,107.314367121,1.6000000238,0.6999999881,0.0355637109,-6,6.5,0.3447776978,9.378624532
236,521.3333333333,2.167811,1.4494175037,1.0977670041,0.0193749996,1.1985852452,598.208343506,184.914517556,1.5550000072,1.5200000405,0.0275348821,-6,14.3548387097,0.3662879467,9.395833206
237,494.3333333333,1.455226,1.4700000286,1.1100000143,0.0199999996,1.2041200399,599.736398777,184.574501038,1.4398002828,0.9769773455,0.0281109652,-6,12.2619047619,0.3373474092,9.400338496
238,622.625,77.4874788828,1.042284283,0.7608667586,0.1069218461,0.9212592008,667.80382309,103.851885895,1.6247454118,3.0500000761,0.0199486019,-3.8180314309,18.3920817369,0.2843417374,9.263020877
239,241.3642384106,42.309266,3.4236843737,1.3957142634,0.0613755652,-2.477454736,759.220412977,195.886141585,0.0343902431,0.0241463417,0.0401017477,-0.0271903323,18.5030414419,0.3536380856,7.941000928
240,181.8958333333,2.288037,3.6703477694,1.3956086605,0.854085189,-1.3189280811,656.770072767,139.479737345,0.9654926062,19.9500007629,0.0341039766,-4.4444444444,7.9166666667,0.2917681783,9.287354941
241,560.8904109589,0.839072,1.4700000286,1.1100000143,0.0199999996,1.2041200399,643.366054363,132.680200195,1.3799999952,1.2599999905,0.0208493949,-4.1666666667,20,0.2884792339,9.391863908
242,364.25,0.620538,1.4700000286,1.1100000143,0.0199999996,1.2041200399,658.960500131,150.231994629,1.6909806224,2.1635025975,0.019901947,-4,7.5,0.2281137399,9.398916907
243,464.5,0.510331,1.4700000286,1.1100000143,0.0199999996,1.2041200399,667.901190302,150.231994629,1.7298683498,1.9688852288,0.0203385977,-4.0714285714,7.5,0.345393778,9.259624582
244,239.9166666667,1.773322,1.4700000286,1.1100000143,0.0183999996,1.2041200399,648.527770996,150.231994629,1.5033333302,1.4033333461,0.0195880074,-3.6071428571,7.5,0.2974235117,9.4
245,313.25,0.585472,2.8389795994,1.2153061239,0.4647614434,0.5779803505,651.209087235,150.231994629,1.3997142618,1.1685713851,0.0232250607,-3.5,7.5,0.3349966205,9.376959644
246,451.1935483871,1.68691,1.4700000286,1.1100000143,0.0183333329,1.2041200399,676.777770996,150.231994629,1.7300000191,1.9700000286,0.0273365068,-3.5714285714,7.5,0.3409686593,9.22361145
247,502.3333333333,3.011267,1.4700000286,1.1100000143,0.0160975606,1.2041200399,676.453694661,150.231994629,1.7300000191,1.9700000286,0.025202499,-3.1326530612,7.5,0.3124745588,9.227778116
248,473,2.821536,1.4700000286,1.1100000143,0.016410256,1.2041200399,676.453694661,150.231994629,1.7300000191,1.9700000286,0.025202499,-3.1777777778,7.5,0.3124745588,9.227778116
249,334.8888888889,9.272372,1.4682421513,1.1089552381,0.0130827065,1.2036473336,676.628778631,142.811970425,1.7300000191,1.9700000286,0.0234194969,-3.0590277778,8.8333333333,0.25909466,9.230555863
250,527.1,11.127096,1.4619391919,1.1052091396,0.0142549997,1.2019524207,677.321751912,127.108351556,1.7300000191,1.9700000286,0.0233075856,-3.2063953488,8.9900990099,0.2763196938,9.228009541
251,344.85,0.633687,1.4413513791,1.0929729866,0.0119999997,1.196416204,675.344792023,133.731662114,1.7300000191,1.9700000286,0.0226542708,-3.6111111111,7.5,0.3542547364,9.229384285
252,294,1.704443,1.4700000286,1.1100000143,0.0185185181,1.2041200399,675.055541992,150.231994629,1.7300000191,1.9700000286,0.020702113,-3.5384615385,7.5,0.2889029682,9.23611145
253,508.3666666667,0.93425,4.7530158512,1.362539666,1.6902546728,-0.2974556968,632.333312988,66.2565002441,1.7326843744,2.1495804834,0.0228501442,-3.5,12,0.3357952535,9.458333587
254,1321.6666666667,6.927353,1.6655219097,1.1093434458,0.1401635682,1.0926597666,676.43056488,121.361800693,1.5094177723,5.8628573077,0.0219032716,-4.9906542056,12.5352941176,0.3123549372,9.227777671
255,509.5,32.771397,3.981498222,1.3864068066,1.0931059573,0.03099692,652.686637878,119.401466625,1.6288439216,3.2457576593,0.0237219601,-5.2885375494,13.1807387863,0.3179272237,9.349999952
256,279,1.213524,2.4948333462,1.188833338,0.409166263,0.7353849113,673.652770996,93.7180023193,1.7285057785,1.966157696,0.0221152107,-4.2619047619,20,0.3306246996,9.4125
257,360.6219512195,2.5126301231,1.4700000286,1.1100000143,0.0199999996,1.2041200399,640.388885498,137.097516859,1.4866666794,0.880000035,0.0254336845,-4.0394736842,16.75,0.3522122502,9.545833206
258,304.1666666667,0.988101,1.4700000286,1.1100000143,0.0199999996,1.2041200399,642.839569127,98.8856451852,1.7300000191,1.9700000286,0.0277178554,-4,18.1666666667,0.3452402683,9.30813945
259,67.7422680412,10.8103769023,3.3637542969,2.632305879,0.1908274476,-1.8318600306,1031.58053589,102.136252543,1.6100000382,0.9960000038,0.0318647846,-7.2882352941,6.5290322581,0.2974733439,6.83222229
260,54.7272727273,1.9033053145,1.5910053354,2.0714285361,0.0711520027,-0.7781508628,1081.77779134,102.022003174,1.498892129,1.9325573562,0.0244093329,-7.8064516129,6.5,0.3084855676,4.418518447
261,96.3333333333,8.5360831582,1.7196944804,1.3892831817,0.0293309845,-1.1935315275,1008.3666687,99.5802949889,1.568749994,2.0600000024,0.0260757771,-7.8507462687,6.55,0.3105309792,5.42083332
262,158.5,11.927346,2.5526711423,1.4015024963,0.0299954033,-1.1182662939,1012.408735,100.390673792,1.4624999762,1.7350000143,0.0262376714,-7.8404255319,6.5359281437,0.2982461269,5.436309514
263,190.2105263158,11.2174986738,2.9108167307,1.9858076337,0.119114421,-1.2161312738,990.380554199,100.280204005,1.2479891436,6.0471430506,0.0285474861,-7.8362573099,6.5158227848,0.2953015206,5.929722213
264,631.4675324675,11.2174986738,2.9108167307,1.9858076337,0.119114421,-1.2161312738,990.380554199,100.280204005,1.2479891436,6.0471430506,0.0285474861,-7.8362573099,6.5158227848,0.2953015206,5.929722213
265,139.8571428571,11.2174986348,2.9108167307,1.9858076337,0.119114421,-1.2161312738,990.380554199,100.280204005,1.2479891436,6.0471430506,0.0285474861,-7.8362573099,6.5158227848,0.2953015206,5.929722213
266,107.8169014085,5.9441191231,4.6079062625,1.5910050476,0.1103662748,-1.5100570656,959.990743001,101.717665183,1.3285714218,1.5742857286,0.0295911874,-7.9450549451,6.5,0.3151681821,6.330555407
267,111,5.2655076231,4.0852372452,1.470265675,0.0969999963,-1.5199538302,955.277783203,101.791018442,1.2616666555,1.4733333389,0.0298076577,-7.9382716049,6.5,0.3121188164,6.377222061
268,86.1666666667,13.951137,3.8847896474,2.4284291762,0.2140825925,-1.9097964802,1024.08926392,98.2609909367,1.5528571606,1.1257143021,0.0315648735,-7.3504672897,6.3825,0.3085285425,6.897023882
269,86.3968253968,5.1545363574,2.1280769151,1.9569231044,0.1935263076,-2.229552839,974.194445801,101.561813973,1.5166666508,1.6933333874,0.0320875021,-7.7108433735,6.5197368421,0.317324566,6.098333282
270,153.914893617,27.725068,3.5837895556,1.7306376399,0.1639546975,-1.7010468667,990.420127869,101.427099905,0.4064945834,2.8428572331,0.0299638034,-3.1990740741,6.811827957,0.3199463582,6.196527767
271,173.3333333333,61.504603,3.4638255822,2.0644681485,0.1868183117,-1.6881575622,979.638889567,95.024319785,0.6980630804,1.8593443202,0.0303432964,-4.0335781742,6.5013927577,0.3174818064,6.355648142
272,126.1666666667,0.73638,5.7910525673,2.6306579772,0.4537979841,-1.8877809879,987.376786646,102.022003174,1.4099999666,1.4500000477,0.0327430815,-8,6.5,0.2949190452,6.223856996
273,114,84.336128,3.0176129294,1.7674928872,0.1713068897,-1.7356624457,959.177083333,100.788004226,0.2933152202,1.1230488143,0.0310094393,-2.3152671756,6.6224489796,0.3058941131,6.47511576
274,105.0205479452,33.2917251953,3.7896536624,2.0335862903,0.6400793477,-1.5974640967,971.541663034,92.5852410532,1.0103804436,4.7700001531,0.0313595867,-7.7980582524,6.5472813239,0.3147538348,6.303769833
275,274.125,18.913559,2.2646747042,1.6598625144,0.1280552768,-1.5217225914,963.308644613,90.3987759868,1.3764402072,3.3416667647,0.0316500391,-8,6.2393822394,0.3127261348,6.47191357
276,94.1703703704,57.6946551953,3.1225238106,1.8938240058,0.4261688225,-1.5804711186,962.134171396,90.7883745358,1.1559257548,4.0528814833,0.0313295108,-7.9017857143,6.3943850267,0.3163060037,6.441404601
277,75,57.6946551133,3.1225238106,1.8938240058,0.4261688225,-1.5804711186,962.134171396,90.7883745358,1.1559257548,4.0528814833,0.0313295108,-7.9017857143,6.3943850267,0.3163060037,6.441404601
278,69.5,57.6946551133,3.1225238106,1.8938240058,0.4261688225,-1.5804711186,962.134171396,90.7883745358,1.1559257548,4.0528814833,0.0313295108,-7.9017857143,6.3943850267,0.3163060037,6.441404601
279,76.0909090909,8.3293878926,1.8031281943,1.9052050963,0.7275949415,-2.5145908593,1058.24384223,132.778054097,0.7909883791,12.3366670476,0.0318336485,-7.484375,8.110619469,0.2791408096,6.266975318
280,117.5746268657,2.8096961543,4.9091070848,2.1108214268,0.7685741051,-1.8433121362,985.263885498,122.858670748,0.8730866062,17.7233891722,0.0325665377,-7.4222222222,7.1388888889,0.2848752961,6.644444656
281,66.3695652174,16.9722023828,1.7237034576,0.5788718217,0.2097803348,-4.0517830178,1021.1267395,100.434740422,1.4847058619,1.6052941645,0.0293775532,-5.8421052632,6.5458333333,0.3084390243,6.639756989
282,99.4024390244,17.8057377383,1.7119380009,0.5758140812,0.2120620679,-4.059568178,1021.1267395,100.022881666,1.4922222032,1.6600000395,0.0294506673,-5.85,6.5513833992,0.3106358442,6.639756989
283,132.84,0.5454877227,1.3999999762,0.5,0.0299999993,-4.2557067871,989.160703614,121.788224962,1.4099999666,1.4500000477,0.0329231517,-6,7.375,0.3127240406,7.171714156
284,321.7714285714,1.7710339199,3.8699999468,2.3283146051,0.2439807633,-1.6065081378,846.291656494,97.4240314878,1.4153625603,1.6979069343,0.0364433446,-4.9107142857,6.4655172414,0.3314968447,8.413888549
285,387.1538461538,2.899182,2.2357894235,1.0645613697,0.0508272728,-1.1470527696,689.577783203,119.666999817,1.423333327,1.0033333699,0.0380763333,-4.4042553192,11,0.3632956445,9.276110839
286,56.3428571429,26.5586063359,2.2201771346,0.7331059112,0.3748107865,-3.8370022521,1149.65806001,103.988923976,1.4806124568,2.9892308483,0.0277476023,-5.9853300734,6.6496062992,0.2907687074,5.811685812
287,49.7969924812,6.760791,2.0330460376,0.6585438283,0.2562844863,-3.9280436192,1193.21297201,111.633103943,0.9749999841,1.1566666762,0.0274440967,-4.8235294118,6.9113924051,0.2775986753,5.441666666
288,49.8780487805,0.801502,3.2917948671,1.3402564037,0.5956900191,-3.4367670547,1107.71929373,102.022003174,1.6880938339,2.0844015951,0.0304394229,-6,6.5,0.287963677,6.149524699
289,92.7294117647,11.2743211816,3.2433944607,0.8387155839,0.9561169217,-3.3102050757,1210.66897583,121.166969935,0.5387033919,25.9075008233,0.0302455266,-6,7.6654676259,0.2802194411,5.359953721
290,47.4424778761,1.6975366895,4.4274418188,1.0562790494,1.7678648595,-2.7028913332,1235.70961586,144.738006592,0.8429620862,17.5400005579,0.0325881676,-6,9,0.2848577201,5.16940645
291,45.28125,1.776453,4.1500564571,1.0053107159,1.6437316552,-2.8451659989,1234.027771,144.738006592,0.8429620862,17.5400005579,0.0308446816,-6,9,0.281264176,5.213888931
292,47.125,1.319347,4.3567163766,1.0432835622,1.581665053,-2.7391673593,1238.05585818,144.738006592,0.8429620862,17.5400005579,0.0308446816,-6,9,0.2800589055,5.184763635
293,42.8125,1.319347,4.3567163766,1.0432835622,1.581665053,-2.7391673593,1238.05585818,144.738006592,0.8429620862,17.5400005579,0.0308446816,-6,9,0.2800589055,5.184763635
294,48.4375,0.902942,4.3253932173,1.0375280702,1.3599986168,-2.7552334271,1236.36204512,144.738006592,0.2759242058,33.6300010681,0.0322851112,-6,9,0.2770282099,5.196233245
295,42.5,1.314337,4.3363909363,1.0395488524,1.581665053,-2.7495925498,1238.08208286,144.738006592,0.8429620862,17.5400005579,0.0304157315,-6,9,0.2800589055,5.184596094
296,46.7647058824,0.582341,4.0810525919,0.9926315609,1.0644433685,-2.8805590052,1235.98241194,144.738006592,0.2759242058,33.6300010681,0.0316158486,-6,9,0.2816869758,5.198459333
297,47.25,1.72135,3.6314285469,2.042000009,0.2210153805,-1.8640456758,1140.23614502,102.022003174,1.4099999666,1.4500000477,0.0240468469,-6.8148148148,6.5,0.3153541412,5.722222328
298,64.875,1.09142,2.7783635952,0.9066363855,0.101243997,-3.8631167694,1119.82865136,102.022003174,1.5455461712,2.1546486356,0.0225217748,-6,6.5,0.3068543783,5.971901798
299,94.8300653595,39.358873752,1.9597492071,0.9242451329,0.1532267734,-3.6410640356,1103.57528687,102.214269542,1.293395102,5.7692501664,0.0286419097,-6.2405271829,6.6287037037,0.2965472171,6.060087695
300,114,15.1673606113,2.3470205351,0.8635633829,0.0998904456,-3.8829645825,1049.87153244,102.759976155,1.4557142598,1.5542857647,0.029588205,-6.1072961373,6.6216216216,0.3179024691,6.724826431
301,153.4444444444,4.9591593203,3.5384399635,1.2228599761,1.2106746228,-2.7837566133,962.322216797,85.0984598108,1.1431848288,7.9260002375,0.0335596157,-6.4935064935,6.1712328767,0.3110275924,7.418889007
302,106.5,4.9591593203,3.5384399635,1.2228599761,1.2106746228,-2.7837566133,962.322216797,85.0984598108,1.1431848288,7.9260002375,0.0335596157,-6.4935064935,6.1712328767,0.3110275924,7.418889007
303,63.0769230769,3.9799475,5.3217525382,2.7703350336,0.2166209788,-1.5319593796,1123.71665039,102.022003174,1.4049999714,1.3100000024,0.0289402568,-7.7213114754,6.5,0.3075510785,5.517222137
304,64.2631578947,3.9799475195,5.3217525382,2.7703350336,0.2166209788,-1.5319593796,1123.71665039,102.022003174,1.4049999714,1.3100000024,0.0289402568,-7.7213114754,6.5,0.3075510785,5.517222137
305,70.7,73.401266,4.4236570755,2.4418762621,0.3621484096,-2.0424916534,1114.72777507,99.1030888149,0.289078943,0.3093421098,0.0291635519,-1.3840070299,6.5810055866,0.2996388757,5.482222137
306,371,77.242212,4.238668555,2.4573774779,0.3460824833,-2.0173454943,1102.93385533,98.4739318414,0.3239990367,0.7836709038,0.0292529868,-1.6522101752,6.587962963,0.3004854935,5.676058142
307,198.625,2.506571,3.1710655259,2.8851228952,0.1587594417,-1.6569857017,1160,102.022003174,1.4099999666,1.4500000477,0.0277142847,-7.7948717949,6.5,0.328617394,5.526388931
308,292.625,3.9086541875,2.2980232211,2.7592731867,0.1037456352,-1.6747708186,1112.75,101.138826258,1.2251848221,8.1140002251,0.028602805,-7.1428571429,6.5,0.3112505138,5.894444529
309,146,104.718689,3.7239378512,2.1546151942,0.2999274598,-2.3469689002,1106.81915153,100.067742548,0.6232634288,1.0202830366,0.0293753047,-2.9310344828,6.5425709516,0.3031657103,5.827955034
310,76.6666666667,18.473213541,2.8519259691,1.364776932,0.2376265566,-3.1734778177,1124.56598663,101.160715214,1.5022222069,1.6766666836,0.0293706692,-6.4599303136,6.513671875,0.3083763487,5.819618034
311,226.8333333333,5.939878,1.6062321545,2.5381669348,0.1027354011,-1.7945168408,959.810180664,69.6870316097,1.4199999571,1.9250000715,0.0311942007,-7.5053763441,5.5647058824,0.2996876657,7.419907379
312,92.3205128205,20.5200689414,4.3908721017,2.4991228898,0.204577962,-1.3795539841,1028.47837999,102.705797627,1.4784510894,3.2231818979,0.0270622823,-7.7610062893,6.5316901409,0.304843282,5.630555576
313,89.303030303,20.5200689414,4.3908721017,2.4991228898,0.204577962,-1.3795539841,1028.47837999,102.705797627,1.4784510894,3.2231818979,0.0270622823,-7.7610062893,6.5316901409,0.304843282,5.630555576
314,74.2530120482,29.9048821602,3.668582033,2.4438273949,0.1749334686,-1.3366404622,1039.84258355,102.460828841,1.4802042698,2.8596552405,0.0268611924,-7.7804347826,6.5216346154,0.3049737582,5.687860107
315,74.4166666667,29.9048820781,3.668582033,2.4438273949,0.1749334686,-1.3366404622,1039.84258355,102.460828841,1.4802042698,2.8596552405,0.0268611924,-7.7804347826,6.5216346154,0.3049737582,5.687860107
316,133.0857142857,14.7133149082,2.7190927742,2.8009978488,0.1399419514,-1.7409647501,1109.17777507,101.030187779,1.0971428497,1.2042857409,0.0276498458,-7.7280701754,6.5194174757,0.3013737559,5.361296285
317,95.5294117647,15.0105588535,2.6858178953,2.7971662661,0.1401447707,-1.739276632,1109.17777507,100.969444807,1.0971428497,1.2042857409,0.027775091,-7.7361702128,6.5211267606,0.3013737559,5.361296285
318,130.6666666667,4.4238137754,3.1634514959,2.8244443977,0.1779187656,-1.785199636,1100.9777832,100.732078899,0.6920000076,0.8720000267,0.0270507029,-7.7391304348,6.546875,0.276482602,5.018888855
319,77.0957446809,49.0186155801,2.8580148379,2.3726152874,0.1324823866,-1.2187702533,1066.84466802,94.8262442508,1.3542856951,1.5030612459,0.0290778287,-7.7859007833,6.4409566517,0.3204915946,6.075907049
320,75.6071428571,49.0186155664,2.8580148379,2.3726152874,0.1324823866,-1.2187702533,1066.84466802,94.8262442508,1.3542856951,1.5030612459,0.0290778287,-7.7859007833,6.4409566517,0.3204915946,6.075907049
321,238.8461538462,7.396357,2.3076486971,2.0830945615,0.087400574,-0.7422230414,1054.65124512,100.19700278,1.4322221941,1.5455555783,0.0280320441,-7.8771929825,6.527173913,0.3278887655,6.343209966
322,164.5806451613,20.2853504219,0.7258945411,1.4876786835,0.1042928571,-3.3149763323,1036.540271,100.310423631,1.3909999728,1.4485000372,0.0303395952,-6.821656051,6.4907407407,0.2854315756,6.367777767
323,130.7777777778,1.640574,2.5618181441,2.6768181288,0.1456937473,-1.7124135338,1044.51391602,101.35900116,1.4199999571,1.9250000715,0.0285724463,-6.0689655172,6.5,0.2924713001,6.466666793
324,127.6666666667,2.847209,3.6055038255,2.5896511429,0.217941946,-1.8829900113,1044.51391602,101.264286586,1.4233332872,2.0833334128,0.0290043639,-6.8085106383,6.5,0.2910254896,6.466666793
325,81,0.6938,3.2154929252,1.3985915117,0.8095825268,-2.5684902634,1130.56835042,101.700547652,1.4099999666,1.4500000477,0.0257040597,-6.4,6.5,0.2761904112,5.886127995
326,304.6424581006,0.2036207305,5.0949999645,2.430000037,0.5643299818,-1.5929350466,781.221862048,69.143699646,0.9147164222,0.7260759359,0.028056958,-4,6.5,0.323859757,6.975478234
327,71.7647058824,1.3731421719,3.2004379256,1.9972993214,0.2963320989,-3.6579339809,1020.30767434,101.138000488,1.4115366646,1.2235123198,0.0251073395,-6,6.5,0.3007618636,6.353773528
328,248.3333333333,2.270504,1.3848214546,1.0593750123,0.0188363632,1.181214885,647,237.912002563,1.4449999929,0.9700000286,0.0334639857,-4.2714285714,20,0.3626732528,9.434722518
329,767.347826087,1.390104,3.0899999142,1.4299999476,0.0490000002,-2.1784865856,612,232.590402222,1.5066261096,0.7186747765,0.0286867965,-3.5,20,0.3395984159,9.683333206
330,497.3461538462,3.358166,2.0178766898,1.1692465591,0.0346173912,-0.2307663548,652.638885498,118.283021015,1.5699999929,1.4800000191,0.0264856905,-4.9166666667,20,0.3466272751,9.325
331,87.8,5.512202,3.5845607085,1.1720747529,1.1113320347,-2.9561805952,959.340270996,85.7768937174,0.9163696766,14.3620004416,0.0336637707,-6.2988505747,6.2142857143,0.3016067247,7.450694465
332,62.6,9.825283,3.3566233281,2.6649999674,0.1878899256,-1.7956361239,1035.71911621,102.440823342,1.6100000382,0.9960000038,0.0318863533,-7.3464052288,6.5316901409,0.2974733439,6.803395165
333,502.2,1.292421,2.6936508001,2.3460317207,0.1257189481,-1.0376118701,798.717929381,74.9823996804,1.4065401661,1.4057804817,0.038582212,-8,7.2894736842,0.3095238686,8.68902172
334,194.4375,0.758296,1.6050000191,1.1366666754,0.0229999997,0.9222361545,629.968268547,120.880906539,1.3999999762,1.1699999571,0.0241913187,-3.5,7.8181818182,0.3368813418,9.395592909
335,83.5454545455,70.431953,3.3125391197,1.7516786463,0.3799163791,-2.5168167156,996.449496183,100.595687164,0.2386956491,0.2628985592,0.029511032,-1.1875,6.6835443038,0.2882205869,6.253535392
336,69.44875,6.744511,3.6565818374,2.3449443619,0.2453325972,-1.7729871881,1067.93979899,111.160990397,1.2582245588,2.0280000448,0.0315930877,-7.4128440367,6.9885057471,0.2723465711,6.301388867
337,285.8571428571,11.03818,1.9379999956,1.2024444395,0.032111801,0.2269225703,649.154041637,178.918740528,1.5814285704,1.4592857361,0.0258815727,-2.4186046512,20,0.3648947938,9.403030464
338,698.14,2.08453,3.0504877218,1.4221950711,0.0675000003,-2.095983985,579.416656494,151.623597717,1.3899999857,0.6499999762,0.0216279025,-2.5,12.28125,0.3958640397,9.7875
339,271.5,13.0941552227,1.8986042928,1.1946625733,0.0321693119,0.3091819373,650.134256999,194.255708685,1.585833331,1.5091666977,0.0255152997,-2.88,20,0.3542876144,9.378472201
340,314.5,13.738865,1.8961304333,1.1941739098,0.0324378107,0.3143474276,649.04700646,194.332876891,1.5849999984,1.4733333687,0.0255552529,-2.9345794393,20,0.3539282129,9.382478626
341,844.2631578947,1.765182,1.5751948264,1.1307792308,0.008148148,0.9844702591,582.387808005,66.2565002441,1.7350000143,2.2950000763,0.0212682045,-1.5166666667,12,0.3310573025,9.89965437
342,256.2162162162,3.730113,2.1431903296,1.2429758579,0.0422222221,-0.201520783,670.631942749,196.022003174,1.5940000057,1.8240000248,0.0254264128,-1.5737704918,20,0.3547020853,9.33750019
343,314.5,13.0941552227,1.8986042928,1.1946625733,0.0321693119,0.3091819373,650.134256999,194.255708685,1.585833331,1.5091666977,0.0255152997,-2.88,20,0.3542876144,9.378472201
344,297.7021276596,39.2211378066,5.2237165303,2.2347175461,0.0538263669,-1.4671214634,796.718469568,78.6287086379,1.4028204832,1.4728205571,0.0431140948,-5.731147541,3.6902654867,0.3468104585,7.702402393
345,271.2857142857,39.2211378066,5.2237165303,2.2347175461,0.0538263669,-1.4671214634,796.718469568,78.6287086379,1.4028204832,1.4728205571,0.0431140948,-5.731147541,3.6902654867,0.3468104585,7.702402393
346,420,50.5655965273,5.6125979832,2.7158902535,0.0762998072,-1.6086803222,808.771993001,81.3330239726,1.4023529128,1.4870588686,0.0430998843,-5.5830164766,4.1454046639,0.3462921122,7.650636545
347,302.8,39.2211378066,5.2237165303,2.2347175461,0.0538263669,-1.4671214634,796.718469568,78.6287086379,1.4028204832,1.4728205571,0.0431140948,-5.731147541,3.6902654867,0.3468104585,7.702402393
348,952.4814814815,16.2091845625,2.7110396126,1.355143602,0.0287179488,-1.3872065132,595.781048943,141.811743233,1.3899999857,0.6499999762,0.0199038257,-3.735059761,13.6140350877,0.3154817177,9.294281095
349,244.3,22.1169792676,3.347468638,1.9098558981,0.1321969239,-1.7929028762,732.779096331,88.4719142653,1.4085713966,1.3857143266,0.0409619097,-6,6.5164473684,0.323728919,7.79431225
350,202.4666666667,9.5226215703,11.6243924753,2.2046852051,0.1206794295,-1.8409105724,873.502770996,84.5593879963,1.4039999723,1.2140000105,0.0371451622,-4.693877551,6.625,0.2877107196,7.303333206
351,241.8125,7.2680210645,4.072412617,1.9198336439,0.2140031665,-1.7670049232,723.666660854,80.1893511273,1.4049999714,1.2250000238,0.0410593443,-6,6.5,0.3284115605,7.856349291
352,849.2058823529,13.151992502,2.1389977112,1.2252543572,0.052874133,0.0356362342,546.81596756,84.6397229839,1.6708333492,1.7758333782,0.0168116758,-3.7149758454,9.578125,0.3399555321,9.493576335
353,718.2745098039,2.3830952246,2.9859632243,1.4094494931,0.0323684212,-1.9612549675,564.314819336,135.808264669,1.3899999857,0.6499999762,0.0201132825,-4,14.8,0.2706718047,9.301852162
354,113.3953846154,26.1915917188,1.5796941708,0.6281383807,0.0742867646,-3.948110447,1186.41000732,102.644834258,1.6512000227,1.8211999989,0.0337991805,-5.8682926829,6.645945946,0.2560188907,6.571666671
355,101.6892307692,17.3997151055,2.4033944646,0.8624369295,0.2884709783,-3.676232699,1210.95062595,96.4637808393,1.6016666757,1.9416666561,0.0337396221,-6,5.7945736434,0.279316719,6.311111089
356,392.0338983051,12.9413940313,5.5635886976,2.4352490681,0.186398824,-2.0173063042,656.483331299,85.6355342173,1.4076922765,1.3592308026,0.0461654604,-6,5.2272727273,0.3577264502,8.214444427
357,139.9666666667,51.2828526875,4.64047976,1.4108291029,0.1519025713,-3.1709844342,1257.28968406,92.7689645827,1.4767828268,2.0101960968,0.0356771714,-5.8337531486,7.4275037369,0.2947662969,6.118707477
358,98.3378378378,28.9451356094,2.659775033,0.8993510466,0.1436133863,-3.7917273986,1397.49503435,95.6220146476,1.5069973043,2.624642883,0.0355692555,-6,6.0727272727,0.2835188061,5.62410717
359,125.46875,101.830714557,4.3154199993,2.1975373175,0.2224194377,-2.2146045316,1220.46223998,81.4069074715,1.4070713594,1.8739175729,0.0367445447,-6,4.5197952218,0.2857043905,6.589509175
360,171.8947368421,48.9072179414,5.9311505675,2.7021170237,0.2007552404,-1.9445103137,994.623578753,76.4289104849,1.3379245029,1.400377395,0.0365543625,-5.9683377309,4.5704941861,0.2922853372,7.032086228
361,665.9615384615,0.649968,1.4700000286,1.1100000143,0.0199999996,1.2041200399,544.487787608,66.2565002441,1.727835831,2.0588054148,0.0153039303,-3.5,12,0.353596849,9.45757525
362,170.525,22.483999,4.5650117973,1.8928281055,0.2487867613,-1.7782252827,1238.55809437,92.7107692089,1.5028571401,1.6676190865,0.0292046941,-5.6860465116,6.3133116883,0.2375132863,6.444949496
363,109.4287356322,62.203412,3.0440660011,1.1743526836,0.1711661588,-1.4341092107,1137.33981628,100.016049187,1.5495238153,1.4100000281,0.0287169367,-6,6.4772727273,0.273469051,6.891759223
364,162.6666666667,88.448207,2.6108202356,1.0938043417,0.142866125,-1.3508058669,1079.55814024,102.364518819,1.5045103841,1.4057778041,0.0298276269,-5.8586559533,6.8544045677,0.2899978821,7.159592996
365,199.75,65.489569,3.4008230618,0.9708785714,0.1292266699,-0.4709324316,1100.87622699,109.787119145,1.5623809799,1.4063492105,0.0291816982,-5.5471976401,7.3101123596,0.2783791538,6.826225488
366,95.6857142857,11.666232,5.1489760521,1.7626280452,0.3370750189,-1.9333350033,1184.75253018,101.249583984,1.5908333461,1.5383333564,0.0288315989,-6,6.5,0.256314228,6.553282755
367,61.125,7.462731,2.3194779012,1.0078982731,0.1358723769,-1.9580219858,1139.69444275,101.845202637,1.6975000203,2.0462500379,0.0277640042,-6,6.5,0.2584557299,6.801736068
368,107.5166666667,17.107676,3.8940610166,1.4827582478,0.1634177509,-0.5623475954,1201.50278015,101.674513369,1.6293750331,1.2806250081,0.0277109764,-6,6.5120481928,0.2812597234,6.40666666
369,220.4794871795,54.293593,5.2545328702,0.9562442459,0.1640828079,-0.3294697023,1141.55000444,99.5292311707,1.594717001,1.4522641762,0.0293640544,-5.706405694,6.5206666667,0.2910881418,6.6604546
370,115.6,12.295536,3.7087112323,1.1669413146,0.2440385742,-0.5308225997,1354.63035231,101.655831122,1.6400000254,1.6658333292,0.0262175687,-6,6.5137362637,0.2314161025,5.754487169
371,167.900729927,44.814585,5.2637366687,2.4456272522,0.1183502749,-1.0157714424,1168.11371133,100.930735434,1.5446808566,1.4485106519,0.0302936173,-6,6.5123647604,0.2612151514,6.429134368
372,162.3466666667,26.517806,4.9732555791,2.405159975,0.0789849199,-0.9755328202,1216.5726647,101.231234862,1.5375000111,1.2414285775,0.0307194948,-6,6.50390625,0.2496830179,6.225106855
373,150.15,16.094528,3.8026335382,1.7168509487,0.0717404256,-0.3242332901,1092.45000407,103.17606871,1.468571416,1.3214286012,0.0293351112,-6,6.6307053942,0.2781653423,6.725925979
374,91.26,10.316828,4.6189179037,1.9595362687,0.1465809352,-1.2246778536,1229.2986145,101.566022156,1.5818182122,1.0745454485,0.0286251423,-6,6.503164557,0.2526725665,6.075347232
375,149.3880952381,59.299848,4.4423342787,2.0975741863,0.1071584703,-0.4929894003,1026.35168664,109.377323855,1.3380595406,1.6456666986,0.0299998996,-5.7462039046,7.5024630542,0.2878905532,6.831779628
376,122.95,29.909786,5.412229283,2.5500771272,0.0989662474,-0.7600225248,1088.69350789,98.8488160124,1.3218530047,1.7355172737,0.0293073848,-5.9956989247,6.4283950617,0.2719116108,6.618888867
377,214.4608695652,41.622354,3.1489773331,2.0826419549,0.16580144,-1.9410866437,945.613198853,80.516145788,1.3912499726,1.5062500417,0.0380614846,-5.9705882353,3.9222585925,0.3047763713,7.127847213
378,237.0784615385,42.386911,5.1927132595,2.6624336522,0.2293906519,-1.4708131209,1144.39535451,75.2834158638,1.3967441542,1.6172093569,0.0390364039,-5.8694316436,3.5357142857,0.3227109649,7.304651127
379,248.8085714286,71.257876,2.8524500302,1.976645556,0.1116279149,-1.6907349317,959.342335876,81.2281973533,1.3892537035,1.5246269098,0.0390308918,-5.9638336347,3.9345524543,0.3212043611,7.264749607
380,212.7916666667,49.437621,5.6940689682,2.3267192732,0.3067237577,-1.8774760539,1199.93734936,93.7231150346,1.506170212,1.463404289,0.0295866986,-5.8580814718,6.3203463204,0.2581495691,6.572163107
381,141.5083333333,46.636748,5.7860896568,2.3138967536,0.3123740641,-1.8776559349,1200.46195387,93.5141467495,1.5104444451,1.464000033,0.0297095148,-5.8491620112,6.3179723502,0.2580358921,6.563285006
382,157.393442623,10.194725,5.4286129343,1.8895247967,0.3089307091,-1.357026608,993.225,64.523007728,1.4166666269,1.7666667302,0.0286916692,-6.5443037975,5.6414473684,0.287917985,6.453888816
383,382.75,42.286724,12.79420829,2.3561770786,0.4715350258,-2.0677771935,912.46899556,77.4320069483,1.4319999668,1.7148889462,0.0314435381,-7.0167173252,6.082247557,0.3162468702,7.124160172
384,107.2254901961,9.174689,7.4803277685,2.4851913479,0.4779823102,-2.1206570737,1228.05866157,66.778029188,1.388749972,1.5375000387,0.0288668982,-6,5.5,0.2493668441,6.349382824
385,178.8962962963,6.053216,5.1358031515,2.9973114406,0.0751353552,-1.678021165,1193.3277832,97.8965366198,1.4116666317,1.5616667072,0.0298084459,-6,6.4444444444,0.2893226147,6.296111068
386,149.3481481481,11.984954,7.0709400132,2.4584692983,0.417365389,-1.5505343335,1118.643932,72.5141018577,1.4164285319,1.6892857722,0.0315482042,-6,5.6638418079,0.2816041369,6.75
387,164.9791666667,4.017527,1.7112718675,0.5043142148,0.0191853697,-3.3980102792,1129.16665039,101.138000488,1.617500037,1.0700000078,0.0309090163,-6,6.5,0.2882654108,6.641110992
388,131.12,11.864102,5.8497045897,1.9573418414,0.3417972405,-1.3620275224,1298.08103434,100.919358608,1.4736363454,1.55272732,0.0304487306,-6,6.5,0.2684521404,6.032407442
389,248.125,10.892908,5.2569769067,1.6153733342,0.3834403763,-1.0503194986,1352.47727273,101.580001831,1.5263636329,1.6663636457,0.0281401463,-6,6.5,0.2424924925,5.790404129
390,174.7433333333,32.290496,4.9142612375,2.4789837964,0.0769563019,-0.9635943646,1161.84815267,99.2107540131,1.4927272724,1.2030303262,0.0318476198,-6,6.5371179039,0.2894611965,6.574999974
391,180.0178861789,59.078182,6.0475870455,2.4383299659,0.2466126952,-1.3203816,1144.20309899,90.1546928479,1.4707142689,1.513571472,0.0302488656,-6,6.2903225807,0.2803776178,6.660792366
392,133.4708333333,11.8497,7.146384331,2.3488739335,0.4559551577,-2.0643097923,1281.88888986,102.081015865,1.5609091087,1.1736363823,0.0313071251,-6,6.5641025641,0.2829468076,6.128968211
393,431.2592592593,1.028802,17.0974512194,1.0148039256,0.1120471401,-0.8828644355,887.173534036,87.7957992554,1.69524043,1.9603345912,0.034834886,-5.4117647059,6.3571428571,0.3542152196,8.188368298
394,173.9296875,26.059447,5.3404968908,1.8998892001,0.2754959329,-1.5144354851,1102.26601469,82.3308013678,1.4160713894,1.7053572025,0.0316392856,-6,5.9789473684,0.3022874969,6.817093995
395,115.989516129,71.459504,2.7716605775,1.1143231721,0.1536327296,-1.4221510415,1126.54669897,99.8099864565,1.5428378421,1.4108108379,0.0289253982,-6,6.4739173228,0.279452416,6.955555537
396,477.7714285714,10.319959,4.5927140103,1.3787159817,0.1457144989,-0.6644297379,982.686114502,77.1603806068,1.3944444127,1.6066667173,0.0333619621,-5.4423076923,5.7625899281,0.3202537552,7.476666717
397,267.8458333333,0.239824,1.8030434795,1.0947826168,0.0299999993,-0.0894644183,842.872631786,38.6100006104,1.4113711037,1.9750614575,0.0378378473,-6,4,0.4066662664,8.279780278
398,50.4376623377,6.109571,2.3446128398,0.7720263803,0.084582952,-1.2738386154,1288.92592367,101.793873449,1.6700000286,1.5880000353,0.029964307,-6,6.5,0.2455233216,6.017592557
399,89.3528985507,34.646159,2.9699470942,0.9850161934,0.1415370567,-0.6297437409,1199.27777818,101.974710849,1.5891176743,1.4917647067,0.0280416491,-5.9953183521,6.5,0.2580678753,6.407679793
400,62.764137931,1.324982,5.2870311914,1.9410938202,0.3235166563,-1.6593737104,1330.41832843,102.022003174,1.5953224549,0.8511811519,0.028145146,-6,6.5,0.2702567782,5.787146675
401,71.8615384615,5.039441,5.1556799998,2.1425200428,0.2087970988,-0.8561680912,1284.15740967,101.138000488,1.4174999595,1.8550000489,0.0280594029,-6,6.5,0.2852622544,5.988425827
402,72.4285714286,3.470251,6.1673255126,2.0227907762,0.383985498,-2.410612928,1169.60184733,101.883336086,1.4950000048,1.0750000179,0.0280755884,-6,6.5,0.2461695746,6.282407379
403,104.5606060606,8.798359,5.2712914046,2.2168228909,0.1735693747,-0.9601334723,1132.2583374,97.7969443581,1.5587500334,0.7937499955,0.0320111807,-6,6.6220472441,0.275130555,6.522777824
404,107.3389830508,4.164051,4.0376811382,1.8257246623,0.1374037674,-1.2583032011,1208.3888916,101.906068395,1.5800000429,0.6999999881,0.0311401943,-6,6.5,0.2619630873,6.141666717
405,60,7.221029,2.1787551882,0.7205532713,0.0951041148,-0.2833733014,1233.76189314,101.998111209,1.5987500399,0.8849999979,0.0276365954,-6,6.5,0.2723803855,6.310714176
406,235.7049180328,72.463259,7.6586671184,2.4005524481,0.4856856295,-1.9394351552,1007.57821414,67.6721793667,1.4526388645,1.5897222724,0.0282893774,-6.2142857143,5.7994157741,0.2749733284,6.517214905
407,537.5833333333,1.500937,16.8882785996,8.6959600599,0.1242857183,-3.0536992321,653.661207434,56.3824996948,1.2599999905,1.2000000477,0.0467958659,-0.4565217391,4,0.3678849772,8.747749223
408,95.3416666667,8.713825,4.618881142,2.1712572392,0.2176865287,-1.409134876,1063.2555603,76.8456715175,1.4122221867,1.5555556085,0.0308653602,-6,5.8852459016,0.3163591574,7.229999923
409,174.075,13.298039,4.7386504859,2.2651630178,0.0829248127,-0.4449674613,1060.75793021,105.643273479,1.4374999777,1.3343750201,0.0286142769,-5.8737864078,7.0833333333,0.2850186067,6.781547628
410,408.1,7.383834,6.145810734,2.2419595367,0.3812469689,-2.0031508611,1066.49304962,68.2628859662,1.4216666222,1.8500000636,0.0309281763,-7.4912280702,5.575,0.2532891631,6.32534728
