"pa","bio12","bio16","bio17","biome","bio1","bio5","bio6","bio7","bio8"
1,1639,724,62,1,26.3,33.8,19.1,14.7,26.1
1,3624,1547,373,1,25.3,32.9,15,17.9,27.1
1,1693,775,186,1,24.3,31.8,15,16.8,26.4
1,1693,775,186,1,24.3,31.8,15,16.8,26.4
1,2501,1081,280,1,25.2,32.6,15.4,17.2,27
1,1214,516,146,2,24,31.7,15,16.8,26.1
1,2259,956,208,1,27.5,33.5,23.1,10.4,27
1,2212,807,281,1,27.1,32.7,22,10.7,26.6
1,2233,877,230,1,27.4,32.9,22.7,10.2,26.9
1,2592,872,498,1,26.6,32,21.4,10.5,26.2
1,2233,877,230,1,27.4,32.9,22.7,10.2,26.9
1,2608,957,306,1,26.6,32.2,21.9,10.3,26.2
1,1194,540,130,1,23.9,31.3,16.5,14.8,25.2
1,1617,808,97,1,25.1,31.2,19.4,11.8,24.6
1,2211,981,196,1,26.9,33.3,21.9,11.4,26.3
1,2274,1008,191,1,27,33.1,22.1,11,26.6
1,2084,1011,137,1,25.4,31.7,19.7,11.9,25.1
1,1842,818,176,1,26.3,32.6,20.4,12.1,25.7
1,1945,880,143,1,26,32.4,20.4,12,25.6
1,1878,893,122,1,26.3,32.4,21.2,11.2,25.9
1,1882,845,170,1,26,32.4,20.3,12.1,25.5
1,2479,1277,154,1,27,33.1,21.4,11.7,26.7
1,2487,1221,182,1,27,32.9,21.6,11.3,26.8
1,2413,1286,140,1,27,33,21.4,11.6,26.8
1,1372,650,114,1,18.1,25.9,8.6,17.2,20.6
1,2677,879,419,1,25.8,31.3,20,11.3,25.9
1,2835,985,267,1,21.6,27.7,16,11.7,21.2
1,2005,657,256,1,19.9,26.2,14.3,11.9,19.6
1,2192,739,222,1,26.1,30.6,22,8.7,26
1,3921,1364,365,1,23.2,29,17.1,11.9,22.9
1,1369,531,88,13,26.8,33.7,19.9,13.7,26.5
1,1526,631,75,2,24.4,31.3,17.4,13.9,24
1,1499,606,90,13,25.4,32.5,18.5,14,25.1
1,3719,1469,170,1,25.1,30.5,20.4,10,24.6
1,7091,2065,1372,1,26.3,31.6,21.3,10.4,26.2
1,7682,2426,1496,1,26.4,31.2,21.8,9.4,26.3
1,2233,793,176,1,24.2,29,19.8,9.3,24.2
1,1656,680,94,1,27.2,33.5,21.6,11.8,27
1,1556,690,52,1,27.8,34.7,21.3,13.4,27.4
1,1053,360,151,1,15,20.6,9.1,11.5,14.8
1,2955,1271,247,1,27.2,34.3,21.8,12.4,26.3
1,372,215,25,13,27.6,33,22.2,10.8,27.8
1,3155,1240,269,1,18.7,24.6,13.1,11.5,18.4
1,4820,1663,957,1,25.6,29.9,21.7,8.1,25.8
1,1449,559,182,1,18.8,24.7,12.5,12.3,18.9
1,2780,945,398,1,25.7,31.5,20.4,11.1,25
1,2768,1072,207,1,28.2,34.2,22.7,11.5,27.8
1,1227,503,64,1,27.2,34,20.7,13.3,26.8
1,1227,503,64,1,27.2,34,20.7,13.3,26.8
1,7024,2458,937,1,26.1,30.5,22.1,8.3,25.7
1,3575,1295,359,1,25.7,31.6,20.2,11.4,25.8
1,3159,1168,312,1,16.7,22.4,11.1,11.3,16.6
1,3727,1550,256,1,25.1,32.5,18.7,13.9,24.6
1,2824,1381,234,1,24.4,29.9,19.5,10.4,25.2
1,1280,885,9,9,25.3,31.3,19.2,12.1,26.1
1,1934,1110,89,2,24.4,30.3,19,11.3,25.1
1,3326,1057,658,1,24,29.8,18.5,11.2,23.6
1,2819,1481,180,1,23,28.8,17.6,11.2,23.9
1,1892,805,99,1,21.8,29,14.6,14.4,22.1
1,5066,1706,636,1,26,31.6,20.9,10.7,25.4
1,3424,1512,221,1,25.3,31,19.8,11.2,25.5
1,3799,1689,268,14,25.4,30.7,20.2,10.5,25.8
1,2740,986,290,1,19.9,25.5,14.1,11.4,19.8
1,3226,1109,402,1,23.1,28.6,17.5,11.1,23
1,2574,812,495,1,25.9,31.6,20.6,11,25.2
1,2791,1077,148,1,26.1,31,21.8,9.2,25.4
1,2791,1077,148,1,26.1,31,21.8,9.2,25.4
1,2791,1077,148,1,26.1,31,21.8,9.2,25.4
1,2791,1077,148,1,26.1,31,21.8,9.2,25.4
1,2791,1077,148,1,26.1,31,21.8,9.2,25.4
1,2945,1162,131,1,24.3,29.7,19.6,10.1,23.7
1,1993,776,95,1,26.4,31.3,21.9,9.4,26
1,1993,776,95,1,26.4,31.3,21.9,9.4,26
1,2706,964,170,1,26,31.6,21.3,10.3,25.8
1,1912,851,54,1,26.7,32.2,22.3,9.9,26.2
1,2791,1077,148,1,26.1,31,21.8,9.2,25.4
1,2539,1045,116,1,25.5,30.7,20.7,10,24.9
1,1912,851,54,1,26.7,32.2,22.3,9.9,26.2
1,1912,851,54,1,26.7,32.2,22.3,9.9,26.2
1,2413,678,493,1,26.6,32.2,21.1,11.1,26.8
1,3207,939,667,1,26.1,31.4,20.6,10.8,26.2
1,2403,723,407,1,26.8,32.7,20.7,12,26.8
1,2915,916,554,1,26.1,31.5,20.4,11.1,26
1,2915,916,554,1,26.1,31.5,20.4,11.1,26
1,2403,723,407,1,26.8,32.7,20.7,12,26.8
1,1877,631,242,1,26.4,33.5,19.2,14.3,26.5
1,3182,1249,407,1,24.9,31.6,19,12.6,24.3
1,3182,1249,407,1,24.9,31.6,19,12.6,24.3
1,2702,1345,116,1,26.9,35.1,19.8,15.4,26
1,1072,476,46,13,23.6,30.6,16.2,14.5,23.5
1,1190,501,141,13,27,32.2,21.6,10.6,26.8
1,1238,589,83,13,23,29.5,16,13.5,23.2
1,2741,1054,176,1,27.8,33.9,20.9,13,27.8
0,738,330,44,8,16.1,30.3,2.1,28.2,21.4
0,1410,405,291,7,18.2,28.8,8.8,20,14.3
0,1707,890,79,1,27.2,33.2,21.9,11.2,26.7
0,1774,903,9,7,24.5,32.4,16.9,15.5,24.2
0,2419,1176,220,1,26.7,32.6,21.3,11.3,26.5
0,1756,732,146,1,23.7,31.7,16.2,15.5,24.8
0,1372,520,145,7,23.8,32.3,13.4,18.9,26.2
0,1505,670,125,1,23.8,28.9,18.7,10.2,22.8
0,1274,526,130,3,25.5,32,17.9,14,27.1
0,1241,436,160,1,21.9,30.8,11.1,19.7,24.4
0,470,270,12,13,24.6,32.7,16.7,16.1,25.5
0,2806,891,426,1,26.3,31.7,20.8,11,25.8
0,500,261,22,7,19.7,34.1,5.2,29,26.2
0,439,222,41,13,27.2,31.9,22.7,9.2,27.2
0,1033,427,114,2,25.6,32,19.4,12.6,27.8
0,1787,834,65,1,25.8,33.6,18.4,15.2,25.5
0,1613,797,22,7,24,32.9,12.7,20.2,24.9
0,1997,671,280,1,16.3,21.6,11,10.6,16.2
0,1360,578,112,1,26.3,33.6,18.8,14.7,27.1
0,2347,954,197,1,25,31.9,19.7,12.2,24.7
0,1360,749,27,1,21.5,29.5,10.4,19.1,23
0,1379,815,30,1,26.6,35.3,19,16.3,25.8
0,605,321,16,2,21.2,35.4,6.4,29,26.4
0,1268,334,286,7,16.8,30.6,5.7,24.9,18.4
0,3326,1111,642,1,25.8,31.7,20.5,11.2,25.5
0,1627,502,287,1,21.5,31.6,11,20.6,24.2
0,1721,980,18,7,27.5,35.3,21.6,13.7,26.3
0,2293,872,339,1,24.1,29.9,18.6,11.3,23.6
0,3824,1122,797,1,22.8,28.4,17.3,11.1,22.5
0,1912,816,116,1,25.8,32.5,18,14.5,26.1
0,1857,905,122,1,26.5,32.4,21.6,10.7,26
0,2459,947,216,1,25.6,31.8,18.6,13.2,25.7
0,1367,562,134,1,26.1,32.6,18.9,13.7,27.3
0,2446,784,341,1,25.7,31.5,19.4,12.2,25.8
0,1895,991,104,1,27,33.3,21.6,11.6,26.7
0,322,175,12,7,20.3,35.4,3.9,31.4,26.8
0,2677,879,419,1,25.8,31.3,20,11.3,25.9
0,839,330,92,2,26.2,32.3,20.2,12.1,27.6
0,2325,934,148,1,26.1,32.4,19.2,13.2,26.1
0,984,489,5,7,23.2,32.7,12.7,20,23.6
0,1267,568,52,7,25.7,33.3,15.6,17.7,26.9
0,2788,1304,171,1,24.9,32.5,17.6,14.9,26
0,835,441,46,4,13.2,22.5,6.2,16.3,11.2
0,2747,1156,171,7,28.1,35.2,22.5,12.6,27
0,784,345,43,8,16.9,30.5,3.3,27.1,22.1
0,625,396,11,1,17.3,28.7,2.2,26.5,21.5
0,1966,861,115,1,24.9,32.4,17.5,14.9,24.7
0,1076,625,11,7,23.3,32.8,11.3,21.5,24.3
0,1066,505,75,7,26.2,32.4,20.4,12,26
0,2677,1232,188,1,23.5,32,15.2,16.8,24.5
0,2749,1101,157,7,27.2,34.5,21.9,12.6,26.1
0,2269,1214,86,1,27,33.2,21.2,11.9,26.8
0,1181,669,20,7,22.1,30.3,11,19.3,23.7
0,276,165,15,8,19.2,34.5,1.6,32.9,25.2
0,34,32,0,10,7.1,18.3,-6.1,24.4,10.2
0,469,159,53,8,14.9,32.3,0.7,31.6,21.6
0,1041,291,230,7,16.7,29.7,6.4,23.3,17.2
0,1444,708,14,7,26.4,34.8,17.5,17.3,26.3
0,2068,871,131,1,25.4,32.1,17.6,14.5,25.8
0,1847,885,23,1,25.1,35.1,14.9,20.3,25
0,1416,402,315,7,19.1,29.7,10.1,19.6,22.9
0,1584,734,65,7,23.5,31.1,14.1,17,24.4
0,1119,376,127,7,20.2,32.9,9,23.9,23.6
0,2581,855,386,1,25.7,31.2,20,11.2,25.7
0,1308,377,265,7,18.5,32.2,6.9,25.3,21.7
0,454,325,7,10,3.3,13.6,-9.9,23.6,5.3
0,6296,1885,1093,1,26.5,32.2,21.2,11,26.5
0,1169,310,276,7,16.8,28.3,7.7,20.6,12.4
0,1316,515,111,1,25.3,32.8,17.1,15.7,26.8
0,3454,1359,427,1,26.6,33.6,20.6,13,25.9
0,1041,454,82,1,11.3,19.7,0.9,18.9,11.6
0,551,273,24,7,16.9,30.7,3.1,27.7,22.9
0,1266,359,258,7,17.9,28.9,8.2,20.7,14.1
0,793,346,47,8,17,30.6,3.8,26.9,22.2
0,960,380,83,13,21,26.8,14.4,12.4,21.2
0,1585,494,319,7,20.3,32.6,6,26.6,27
0,521,249,22,2,24.1,34.5,12.2,22.3,27
0,1689,781,51,2,26.9,33.8,21.1,12.7,26.2
0,312,134,28,8,15.1,31.4,-0.7,32,22.3
0,2190,947,270,1,27,32.9,21.9,11,26.6
0,610,202,96,8,14.7,29.6,3,26.6,19.6
0,2549,1128,179,1,25.4,33.3,17.6,15.7,26.1
0,2783,1202,265,1,26.2,35.2,17.6,17.5,27.3
0,2179,1026,33,1,25.5,35.2,15.9,19.3,25.4
0,3041,930,579,1,25.1,30.8,19.6,11.2,24.5
0,1214,585,32,7,25.4,33.4,17.5,15.9,24.9
0,1416,585,119,7,23.9,31.7,14.3,17.4,25.8
0,490,259,14,13,23.9,32.1,15.6,16.5,25.2
0,1084,463,64,2,25.9,33.2,17.6,15.6,27.5
0,2100,989,54,1,25.3,33.8,16.4,17.4,25.2
0,1938,915,46,7,22.1,30.8,12.5,18.4,22.2
0,569,226,58,13,24.7,31.5,18,13.6,23.7
0,2163,1191,79,1,26.8,33,20.8,12.2,26.6
0,567,366,10,10,12,22.8,-1.2,24,14
0,2517,1007,212,1,25.6,32.3,20.6,11.7,25.3
0,2004,931,132,1,26.6,32.6,21.7,10.8,26.1
0,2588,1072,106,1,26,33.5,18.3,15.2,25.8
0,604,276,59,13,25,31.9,18.4,13.5,23.1
0,1094,372,141,7,20.9,33.1,9.6,23.4,23.6
0,504,258,19,7,20.7,34.5,5.5,28.9,26.8
0,760,233,115,1,23.3,29.6,17.2,12.4,23.7
0,2723,1083,267,1,26.4,32.7,20.5,12.1,27.1
0,1042,542,10,13,27.6,32.2,22.3,10,27.6
0,506,337,11,13,22.8,29.4,16.8,12.6,23.8
0,2449,1192,207,1,26.9,31.4,21.8,9.6,26.2
0,1931,546,445,1,15.4,25.6,4.5,21,14
0,791,294,139,13,24.2,30.5,19.3,11.2,25.8
0,2074,822,323,1,27.2,32.7,21.9,10.8,26.7
0,1108,364,140,9,20.2,32.8,8.9,23.9,23.1
0,1874,993,94,1,27.3,33.4,21.9,11.6,26.9
0,2704,912,542,1,26.1,31.6,20.9,10.7,25.6
0,990,502,6,7,24.5,34.4,13.1,21.3,24.9
0,1306,661,6,7,24,32.6,15.2,17.4,24
0,1469,492,271,1,17.8,27.3,7.5,19.7,21.3
0,1856,702,141,1,25.4,32.2,17.7,14.5,25.8
0,1493,650,57,7,24,31.2,14.4,16.8,25.2
0,1720,745,122,1,25.9,33.4,17.7,15.7,26.4
0,90,83,0,10,7.7,19.4,-7.1,26.6,11.2
0,1331,544,118,13,21.9,27.5,16,11.5,22.2
0,1807,860,19,7,26.5,34.6,18.1,16.5,26.3
0,590,262,44,2,24.8,34.3,14.2,20.1,27.2
0,960,306,160,8,15.6,31,4.2,26.8,21.5
0,261,210,3,10,7.9,19.1,-6.8,25.9,10.8
0,2282,898,197,1,26.3,32.6,21.6,11,25.8
0,2183,988,67,1,25.1,33.8,16.8,17,24.7
0,805,553,10,13,25.2,32.6,18.6,14,24.6
0,212,107,19,10,0.2,11.9,-10.2,22.1,-3.3
0,533,343,8,2,16.9,28.5,1.5,27,21.4
0,1248,671,9,7,26.9,33.9,20.3,13.6,26.3
0,2951,1289,186,1,27,32.6,22.8,9.8,26.4
0,154,135,0,2,24.2,33,15.6,17.4,26.4
0,1152,512,71,13,25.3,31.8,18.9,12.9,25
0,2203,983,54,1,25.3,33.2,17.1,16.1,25.1
0,631,292,35,2,23.1,35,10.2,24.8,26.7
0,1404,746,19,7,22.5,29.8,13.6,16.2,22.9
0,1853,885,147,1,25.4,31.5,19.6,11.8,24.9
0,1606,943,47,1,27.1,34.3,20.4,13.9,26.6
0,1247,518,178,5,21.5,32.9,7.9,25.1,27.1
0,2329,1179,65,1,26.1,32.5,20.9,11.6,25.5
0,2590,1007,203,1,26.4,32.7,20,12.7,26.3
0,1698,939,21,7,27.7,35.7,21.8,13.9,26.5
0,2338,949,195,1,26.6,32.5,22.3,10.3,26.1
0,1340,700,92,2,22.2,31.1,12.9,18.1,23.8
0,1473,658,93,7,24,31.6,14.6,17,25.3
0,2323,1114,30,1,25.4,35.6,15.3,20.3,25.2
0,957,282,181,8,16,28.9,5.4,23.5,21.6
0,1300,724,50,1,25.9,33.1,18.6,14.6,25.7
0,851,518,31,4,12.8,23.6,5.2,18.4,9.8
0,861,318,77,7,23,34.6,10.7,24,27
0,464,257,23,10,2.8,16.3,-8.1,24.4,-1.5
0,1578,734,64,7,22.5,31.1,12.1,19,23.1
0,870,285,132,8,13.5,29.2,2.2,27,19.6
0,663,325,41,13,21.7,28.9,15.4,13.5,22.3
0,224,75,40,8,14.1,31,-0.6,31.6,18
0,142,114,0,10,8.2,20.9,-7.9,28.8,11.9
0,2397,1093,49,1,25.2,35.6,15.5,20.1,24.6
0,1997,969,33,1,24.7,33.8,14.7,19.1,24.6
0,748,448,28,13,22.6,29.7,16,13.8,23.7
0,810,365,38,1,11,19.1,0.8,18.3,11.8
0,1905,880,34,1,26.3,34.7,18,16.7,26.1
0,1652,652,146,1,25.3,32.1,17.8,14.3,26.4
0,1586,454,312,1,20.5,31.7,9.8,21.9,21.9
0,2727,1213,194,1,27,32.6,22.1,10.5,26.6
0,1271,600,88,1,25.7,34.9,16.1,18.7,26.6
0,0,0,0,13,18.2,26.2,11.3,14.9,19.9
0,1076,450,105,2,24.8,31.9,18,13.9,27.2
0,1662,824,15,1,26.7,35,17.4,17.7,27.1
0,2183,1034,47,1,25.5,35.7,15.6,20.1,25.1
0,1756,559,253,1,26.7,33.8,19.4,14.4,26.7
0,1157,636,42,1,22.5,31.2,12.9,18.3,24.2
0,1291,484,184,5,22.7,32.2,11.4,20.9,26.2
0,832,321,123,1,20.7,27,13.8,13.2,21.8
0,347,171,36,2,26.2,32.8,20,12.8,28.4
0,1581,539,282,1,24.2,29.5,18.3,11.2,22.6
0,882,587,8,13,26.2,31.7,20.8,10.9,26
0,1457,696,69,7,24.5,33,13.7,19.2,25.7
0,1817,959,9,14,26,33.9,18,15.8,25.7
0,1375,453,161,7,22.3,34,11.4,22.6,25.6
0,1466,763,10,7,25.5,34.3,16,18.3,25.4
0,681,454,7,13,26.6,32,20.6,11.4,26.5
0,1753,740,71,1,26.1,33,18.9,14,26
0,1821,767,64,1,25.8,33.7,18.2,15.5,25.4
0,709,229,110,8,13.7,29.4,2.2,27.2,18.2
0,1126,528,85,2,23.4,32.8,12.2,20.6,24.8
0,783,429,31,10,10.1,20.3,-1.1,21.5,10.7
0,1721,752,180,1,21,27.3,15.3,12,20.8
0,3056,1017,488,1,25.5,29.9,20.4,9.5,25.7
0,2118,919,157,1,25.3,32.2,20.3,11.8,24.9
0,870,469,33,2,18.7,30.1,5.7,24.3,23.3
0,2450,898,242,1,26.5,32.5,20.8,11.7,26.3
0,366,119,46,8,15.3,32.2,1.4,30.8,18.6
0,4,2,0,13,15.2,24.6,5.7,19,18.4
0,908,458,30,13,25.7,32.5,19.1,13.5,25.5
0,1749,935,93,1,27.2,33.6,21.4,12.2,26.9
0,3122,971,617,1,25.6,30.6,20.6,10,25.7
0,638,338,2,13,26.1,34.5,17,17.5,26.6
0,952,312,133,8,16.6,31.1,4.7,26.3,22.5
0,1963,1053,45,1,27,31.8,22.1,9.8,26.5
0,604,283,33,8,15.5,30.4,0.4,30,22.2
0,1903,931,37,1,24.1,33.2,14.7,18.5,24
0,1191,484,186,5,20.1,32.8,4.7,28.2,26.7
0,1880,912,29,1,24,32.9,14.1,18.8,23.9
0,1169,526,105,1,22.2,30.6,11.1,19.6,25
0,1531,709,45,1,25.2,33.8,16.5,17.4,25.6
0,1095,294,253,7,16.7,28.7,6.9,21.8,20.2
0,862,243,187,8,14.7,26.8,4.6,22.2,15.3
0,900,357,100,2,25.9,32.1,19.6,12.5,27
0,790,271,83,8,14.5,31.1,2,29.1,17.6
0,3045,902,570,1,25.7,31.1,20.5,10.7,25.5
0,3093,977,634,1,26.8,32.4,21.4,10.9,26.3
0,1728,659,193,1,25.9,32.7,18.3,14.4,26.2
0,2486,926,396,1,26.1,32.1,20.4,11.7,25.5
0,1338,749,30,13,26.7,35.2,19,16.1,25.9
0,236,81,33,8,14.5,31.9,-0.8,32.7,18.4
0,3095,984,611,1,25.9,30.9,20.8,10.1,25.9
0,1482,633,68,7,24.7,31.4,15.4,16,25.7
0,3017,1455,110,1,27.1,32.5,23,9.6,26.4
0,2564,1034,201,1,27.2,34.7,21.7,13,26.4
0,318,155,33,10,11.2,27.6,-1.1,28.8,5.3
0,3131,1269,355,1,26.6,33.8,20.4,13.4,25.8
0,1841,746,182,1,25.3,30.4,21.5,8.9,24.4
0,1669,587,236,1,18.3,24.2,12.6,11.6,18.1
0,1503,782,46,7,22,28.9,12.2,16.6,23.3
0,1212,344,251,7,17.6,27.8,8.8,19,13.8
0,6717,2082,1205,1,25.5,30.2,21.3,8.9,25.3
0,2062,860,145,1,25,31.8,16.8,15,25.4
0,128,83,6,10,4.7,15.9,-7.9,23.8,8.5
0,790,330,42,2,22.3,34.6,9,25.5,26.5
0,2826,964,434,1,26,31.7,20.4,11.3,25.2
0,2229,970,91,1,25.5,33.1,17.8,15.3,25.4
0,454,253,19,7,17.2,31.1,1.9,29.2,22.4
0,2165,944,100,1,26,32.9,18.7,14.2,25.8
0,1289,571,88,7,24,31.5,13.8,17.6,25.9
0,2197,908,122,1,26.3,33.5,19.2,14.3,26
0,2042,980,33,1,25.2,34.7,15.3,19.4,25.3
0,981,367,72,2,24,30.3,17.5,12.8,24
0,1223,633,30,7,26.6,34.7,19.6,15.1,25.7
0,1548,797,25,3,23.8,31.8,16.4,15.4,23.7
0,2395,941,180,1,26,32.3,19.4,12.9,26.1
0,1793,832,129,1,25,31.4,18.8,12.6,24.5
0,3719,1469,170,1,25.1,30.5,20.4,10,24.6
0,3707,1614,160,1,26.4,33,21.3,11.7,26
0,2645,1369,121,7,25.4,31.7,19.9,11.8,25
0,2912,1254,144,1,20,26.7,14.3,12.4,19.4
0,1148,737,25,2,24.4,30.4,18.1,12.3,25.2
0,751,231,143,8,14.2,28.8,3.3,25.5,17.8
0,92,74,0,10,3.8,16.6,-12.1,28.7,7.5
0,2397,821,378,1,20.2,26.5,14.4,12.1,19.9
0,268,93,38,8,14.7,32.2,-0.5,32.6,18.6
0,2076,792,295,1,26.6,32.6,22,10.6,26.4
0,644,276,35,2,24.2,35.5,11.8,23.6,28.3
0,1520,782,53,7,19.5,27.6,9.4,18.2,21.6
0,1727,817,18,7,26.2,34.9,17.1,17.7,26.1
0,1929,935,40,1,23.9,32.9,14.4,18.5,23.9
0,2254,878,334,1,27.1,32.6,21.7,10.9,26.6
0,1871,803,109,1,28,34.7,21.6,13.1,27.4
0,757,512,18,10,3.1,14.2,-10.5,24.7,4.5
0,944,344,126,2,25.8,32.4,19.6,12.8,25.6
0,690,313,37,2,22.3,35.2,8.4,26.8,26.3
0,483,212,66,13,23.7,30.4,18.6,11.7,25.5
0,341,162,33,1,27.9,32.3,23.6,8.7,28
0,1730,568,320,1,25.1,31.5,18.6,13,24.4
0,1207,473,128,2,25.1,32.4,17.6,14.7,26.5
0,1081,411,107,7,25.3,34.6,14.8,19.8,28.3
0,445,294,24,2,23.7,29.1,18.3,10.7,24.9
0,2,1,0,13,19,26.6,11.3,15.3,19.2
0,364,267,4,10,4.7,15,-8.5,23.4,6.4
0,1963,921,223,1,26.1,32.3,20.7,11.6,25.6
0,1717,931,54,1,27.1,34.4,20.3,14.1,26.3
0,2454,796,309,1,25.6,31.5,19.1,12.4,25.7
0,2433,1094,43,1,24.5,35,15.1,19.9,23.9
0,2525,734,474,1,26.4,32.3,20.5,11.7,26.4
0,1880,794,88,1,26.1,33,18.6,14.4,26.4
0,871,309,92,8,16.1,31.2,3.4,27.8,21.9
0,2753,1118,395,1,27,32.6,22.1,10.5,26.6
0,1265,595,60,9,26.2,34.3,16.4,17.9,27.6
0,204,89,29,8,11.7,28.6,-1.9,30.5,5.4
0,2435,750,426,1,25.8,31.4,19.8,11.6,25.8
0,1456,486,225,1,21.8,31.4,11.5,19.9,24
0,1163,661,15,7,23.3,31.9,12.4,19.5,24.1
0,951,359,98,8,19,32.6,6.6,26,24.5
0,1992,894,40,1,25,33.9,16.1,17.8,24.9
0,951,313,139,8,15,30.8,3.3,27.5,21
0,99,85,0,2,23.2,32.4,14.6,17.8,26
0,1060,497,89,2,24.3,33.4,13.5,19.9,25.9
0,1349,405,251,7,20.3,33,5.8,27.2,27.2
0,1705,877,39,7,22.8,32,11.2,20.8,23.8
0,24,23,0,13,18.4,28,7.3,20.8,21.2
0,600,221,62,8,15.3,32,1.5,30.5,21.6
0,2568,977,254,1,27,34,21.3,12.7,26.3
0,639,331,12,2,23.5,34.6,10,24.6,26.7
0,1787,729,144,1,25.1,32.4,17.9,14.5,25.7
0,69,32,8,10,2.5,11.7,-7.3,19,5.1
0,2757,1485,76,14,26.7,32.3,22.2,10.2,26.1
0,1505,699,72,7,25.9,34.2,17.1,17.1,26.6
0,728,399,3,13,24.1,33.1,14.6,18.5,24.5
0,1649,476,307,1,20.3,31.7,8.8,22.9,21.4
0,834,291,98,2,16.7,23.7,9.3,14.3,16.9
0,5955,1866,933,1,25.9,30.7,21.6,9.1,25.5
0,2095,656,337,1,26.6,32.8,20.5,12.2,26.5
0,646,275,58,13,23,29.5,16.5,13.1,24.3
0,1347,449,168,7,22.2,33.5,11.5,22,24.7
0,1432,540,229,1,19.9,27.7,12.8,14.9,23.3
0,3023,852,634,1,24.9,30.9,19.4,11.5,24.6
0,2640,967,286,1,26.7,33.2,21,12.2,26
0,20,14,0,13,18.2,26.8,9.4,17.4,14.8
0,2585,950,341,1,25.1,30.4,20,10.4,25.4
0,1528,487,260,2,20.8,26.5,15.3,11.3,20.8
0,940,503,13,7,27.1,35,19.7,15.3,26.7
0,2000,953,51,1,25.2,34,15.7,18.3,25
0,829,492,29,13,23.3,30.6,16.2,14.4,24.1
0,1521,744,54,1,24.1,31.7,14.7,17,24.9
0,1275,533,47,1,27.5,33,21.9,11.1,27.2
0,1525,693,83,7,23.7,31.3,14.2,17.1,24.9
0,609,432,17,13,7.9,18,-3.9,22,9.1
0,566,291,20,2,23.1,34.9,9.8,25.1,27.4
0,1090,296,236,7,16.4,26.8,7.6,19.2,12.6
0,2765,1318,134,1,27.3,35.2,20.5,14.6,26.5
0,122,79,3,13,16.8,24.6,9.4,15.2,19
0,1179,440,125,2,25,34.5,14.5,20,28.2
0,3529,1142,708,1,25.5,30.9,20.4,10.5,24.8
0,2537,1142,140,1,24.1,31.2,17.3,13.8,24.4
0,2711,1026,284,1,26.8,33.6,21.2,12.4,26
0,26,23,0,13,17.9,26,8.5,17.5,19.1
0,1598,498,268,1,25.2,32.2,17.4,14.7,25.1
0,36,28,0,12,16.7,24.8,8.9,15.8,13.5
0,1069,326,197,7,20.4,34.5,4.9,29.5,24.6
0,1445,758,44,7,20.3,28.3,8.6,19.8,22
0,2436,859,282,1,26.4,32,21.3,10.7,26
0,786,474,10,13,25,32.8,17.9,14.9,24.4
0,1990,569,439,1,17.6,28.7,6,22.6,21.5
0,2667,927,325,1,25.6,32.1,20,12.2,25.3
0,1370,519,188,14,24.3,32.1,16.1,16,27.1
0,7024,2458,937,1,26.1,30.5,22.1,8.3,25.7
0,1225,561,80,9,26,33.8,16.7,17.1,27.7
0,1657,745,143,1,25.7,31.9,20.9,10.9,25
0,2302,1064,201,1,26.5,32.5,21.2,11.3,26.1
0,2710,1143,234,1,21.4,27.7,15.1,12.6,21.1
0,1141,532,86,1,17.5,26.6,7.2,19.5,17.8
0,1733,591,227,1,23.6,31,15.6,15.4,24.6
0,1489,719,74,7,24.1,31.9,14.2,17.7,25.2
0,110,43,16,10,3.2,13.5,-6.7,20.2,6.4
0,1980,749,225,1,24.7,31.8,17.2,14.6,25
0,628,337,12,2,21.8,34.2,7.4,26.8,26.5
0,2020,849,77,7,26.8,34.2,21.4,12.8,25.6
0,678,380,12,2,20.7,32.8,6.3,26.5,25.7
0,360,229,3,13,11.1,19,1.2,17.8,12.3
0,1528,778,58,7,21.4,28.1,11.7,16.4,22.8
0,1443,694,79,9,25.6,33.9,15.4,18.4,26.9
0,1080,390,112,7,20,33.5,7.6,25.9,25.1
0,3518,1432,315,3,24.3,31.9,16.4,15.5,24.9
0,300,236,4,13,9.3,19.3,-2.4,21.6,10.7
0,1953,950,42,1,23.3,32.3,13.7,18.7,23.3
0,1513,423,337,7,18.6,31.6,7.5,24.1,19.5
0,1289,464,170,1,25.9,30.8,20,10.8,26.7
0,1441,787,25,7,22.3,29.7,13.4,16.3,23
0,1001,403,137,1,24,31,16.8,14.2,25.2
0,1728,879,85,7,16.4,24.6,4.9,19.7,18.7
0,1294,707,80,4,11.2,25,2.4,22.6,7.3
0,2188,847,277,1,27,33,21.8,11.2,26.5
0,2751,1265,113,1,26.9,32.6,23,9.6,26.2
0,1272,596,70,9,26.1,34.2,16.4,17.8,27.6
0,2035,859,107,1,25.1,31.8,16.8,15,25.5
0,1469,406,323,7,18.9,28.9,9.6,19.3,14.5
0,2493,1242,206,1,26.9,32.7,21.5,11.2,26.6
0,1500,709,63,7,23.8,32.1,13.1,18.9,24.7
0,1300,520,140,1,25.8,31,19.5,11.5,26.2
0,1559,453,324,1,16.9,27.4,5.5,21.9,20.8
0,2628,1029,243,1,27.2,34.4,21.6,12.8,26.4
0,1054,452,101,2,25.2,33.3,16.1,17.1,27
0,1411,560,126,7,23.6,31.1,14.2,16.9,25.2
0,219,138,8,8,11.3,23.9,-2.2,26.1,16.4
0,258,200,3,10,9.4,20.2,-5,25.2,12.4
0,1053,360,151,1,15,20.6,9.1,11.5,14.8
0,2495,1093,84,1,25.7,33.6,17.6,15.9,25.4
0,1851,698,206,1,25.6,32.5,18.2,14.3,25.8
0,1155,502,115,1,22.5,30.7,11.4,19.4,25.2
0,1648,730,119,7,26.1,33.7,17.8,15.9,26.6
0,73,65,0,10,8.2,20.4,-7.3,27.7,11.9
0,1120,345,219,7,17.7,31.2,6.5,24.8,23.3
0,1460,832,49,1,27.1,34.5,20.3,14.2,26.5
0,2207,1001,246,1,26.6,33,21.5,11.5,26.2
0,968,394,98,1,25.8,32.3,18.6,13.8,27.2
0,1148,613,57,1,22.9,31.6,13.8,17.9,24.4
0,1842,753,245,1,21.9,30.3,12.8,17.5,25.4
0,1750,931,120,1,26.6,32.8,20.9,11.9,26.3
0,2483,933,229,1,26.2,32.9,20.1,12.7,25.6
0,1651,766,66,3,24.6,31.2,18.3,12.9,24.6
0,1013,353,116,9,19.7,33.1,7.7,25.5,24.8
0,1538,802,46,7,21,28.5,11.4,17,22.2
0,1370,614,112,1,21.3,27.8,14.1,13.8,22.3
0,1221,682,16,7,23.3,31.2,13.1,18.2,24
0,1213,511,151,5,22.7,32.7,10.6,22.2,27.1
0,2366,1040,278,1,25.3,31,20.1,10.9,25.1
0,2731,855,450,1,25.5,31.1,20.3,10.8,25.5
0,12,8,0,13,14.4,24.4,3.8,20.6,17.7
0,187,128,4,2,20,28.7,11.8,16.9,22.3
0,240,140,14,13,24.2,30.8,18.6,12.1,26
0,468,250,46,2,27.5,32.9,22.6,10.3,27.4
0,1927,706,250,1,26.3,31.1,21.4,9.8,26.3
0,1370,642,56,3,16.3,24.2,8.1,16,16.9
0,2307,987,279,1,27.1,33,22.2,10.8,26.7
0,2368,1138,163,1,27.1,32.3,22.4,9.9,26.7
0,904,466,66,1,22.1,30.1,13,17.2,23.5
0,3017,1127,436,1,23.6,29.7,17.7,12,23.3
0,3,3,0,13,17.4,24.9,10.7,14.2,14.4
0,809,493,25,13,23.7,31.2,16.2,15,24.3
0,2242,847,184,3,26.9,31.1,22.6,8.5,27.1
0,820,302,93,1,17.3,24.4,9.7,14.7,17.6
0,2240,749,256,1,17.6,23.7,11.6,12.1,17.4
0,412,252,11,10,7.2,18.7,-7,25.7,9.6
0,2255,1065,30,7,26.7,35,18.2,16.7,26.7
0,1377,531,108,2,24.3,31.8,16.6,15.1,25.7
0,3456,989,714,1,25.6,30.8,20.5,10.3,25.2
0,2169,902,162,1,26.6,33.8,19.4,14.4,26.2
0,1642,470,316,1,20.9,32.3,9,23.3,23.7
0,2086,913,189,1,24.9,31.9,19.9,12,24.4
0,1919,892,156,7,25.8,33.7,20.5,13.3,25.3
0,1196,673,18,7,22.3,30.4,11.3,19.1,23.7
0,1475,583,153,14,22.3,30.2,14.4,15.8,25
0,711,297,49,2,24.9,34.4,13.7,20.7,27
0,990,417,89,9,25.7,34.5,15.6,18.9,28.3
0,2302,970,100,7,26.6,34.2,21.4,12.9,25.6
0,1617,808,97,1,25.1,31.2,19.4,11.8,24.6
0,1238,589,83,13,23,29.5,16,13.5,23.2
0,785,431,28,3,18.6,28.2,8.9,19.3,19.4
0,2347,774,315,1,26.1,32.6,19.1,13.4,26.1
0,600,316,16,13,22.1,29.8,13.6,16.2,22.9
0,1272,662,12,7,25.5,32.7,17.7,15,25.4
0,69,49,3,10,6.8,17.7,-6.1,23.7,10.2
0,2233,908,273,1,27.1,33,22.2,10.8,26.8
0,2523,961,233,1,25.7,31.8,19.3,12.5,25.7
0,730,386,23,13,26.3,31.6,20.5,11,26.2
0,1956,806,78,1,24.9,33.1,16.9,16.2,24.8
0,593,320,11,10,8.2,16.5,-2.5,18.9,9.1
0,691,375,44,10,2.2,16.6,-9.1,25.7,-2.4
0,1818,518,395,1,17.6,28,6.5,21.5,20.6
0,815,524,6,13,27.3,33.8,21.2,12.6,26.8
0,3044,883,624,1,25.2,31,19.6,11.4,24.8
0,1216,443,153,2,25.6,32.8,18.1,14.7,26.5
0,456,243,39,8,8.9,23.8,-1.3,25.1,3.8
0,1197,665,16,7,22.8,31.1,12.7,18.4,23.4
0,1288,415,197,9,20.7,33.2,9.4,23.8,23.6
0,637,287,31,7,13.8,27.3,0.6,26.7,19.4
0,56,50,0,10,2.4,14.4,-12.5,26.9,5.7
0,1935,709,223,1,24.9,32.1,17.3,14.8,25.2
0,2544,1153,172,1,26.9,32.9,21.7,11.2,26.6
0,2035,1050,97,1,26,32.1,20.1,12,25.6
0,1356,580,187,5,21.3,32.9,7.2,25.7,27
0,1588,915,48,1,27.1,34.9,20.2,14.7,26.4
0,717,249,80,8,15.8,32,2.1,29.8,22.4
0,2239,796,296,14,26.2,30.8,21.6,9.3,26.3
0,1208,511,124,1,25.9,34.2,16.7,17.6,27.1
0,1335,698,27,7,23.8,31.8,12.4,19.4,24.7
0,831,459,50,4,6.3,21.6,-4.8,26.4,1.3
0,1785,802,82,1,25.6,32.7,19,13.7,25.4
0,1071,355,139,9,19.3,32.9,7.5,25.4,24.5
0,1225,555,119,1,25.4,33.2,15.8,17.5,27
0,1210,576,44,1,21.6,28.9,14.2,14.7,21.8
0,1287,577,139,1,20.4,28.3,12.3,15.9,21.9
0,446,227,23,13,23.6,31.6,16,15.6,25
0,990,428,90,3,25,32.1,17.9,14.2,27.3
0,2580,955,172,1,25.9,32.1,20.4,11.7,25.7
0,1428,588,118,7,23.5,30.9,14.4,16.5,25
0,2795,1034,205,7,26.7,33.7,21.1,12.6,26.1
0,2371,984,105,1,25.7,30.5,21.1,9.5,25.3
0,2671,942,459,1,26.6,32.1,21.6,10.5,26.3
0,2252,837,206,1,25.7,31.8,18.8,13.1,25.9
0,671,343,3,7,25.9,34.6,16.6,18,26.4
0,1033,371,118,1,23,30,15.6,14.4,23.4
0,38,30,0,12,15.7,24,8,16,12.5
0,1531,505,259,2,27.8,34.1,21.2,12.8,27.6
0,474,225,17,2,24.2,34.2,12.4,21.7,27.3
0,59,55,0,10,3.2,15.2,-11.8,27,6.6
0,197,60,43,10,7.4,21.2,-4.7,26,8
0,1293,559,69,2,25.8,33.6,17.2,16.4,27.6
0,2961,962,480,1,26.2,31.9,20.9,11,25.6
0,180,128,3,10,7.1,19.4,-8,27.4,11.1
0,1432,765,51,1,19.6,27.7,9.7,18,21.3
0,1911,922,111,1,26.6,32.4,21.8,10.6,26
0,2575,791,477,1,25.8,31.3,19.9,11.3,25.9
0,2249,722,324,1,26.9,33.4,20.1,13.3,26.9
0,1823,842,53,7,26.1,34.1,18.4,15.7,25.7
0,681,352,21,2,23.1,35.2,9.6,25.6,27.8
0,960,631,22,13,24.5,31.3,17.9,13.4,25.3
0,2100,712,278,1,26.6,32.1,21.7,10.4,26.4
0,15,12,0,13,16.9,25.8,7.7,18.1,13.6
0,1450,457,276,7,20,32.4,5.6,26.8,27.1
0,1123,485,130,1,23,30.6,15.6,15,24.5
0,687,388,4,13,26.9,35.6,17.8,17.8,27.2
0,581,287,54,2,27.4,31.9,23.3,8.6,27.5
0,1582,784,43,1,23.7,31.1,14.5,16.6,24.3
0,2928,911,554,1,26.1,31.3,21.1,10.1,25.8
0,4,4,0,13,19.3,26.4,13.7,12.7,21.8
0,2423,1085,50,1,24.7,34.9,15.2,19.7,24.1
0,2948,1224,257,1,27.5,34.6,22.2,12.4,26.5
0,2379,969,139,1,26.3,33.4,19.4,14,25.9
0,1019,627,16,7,26.1,34.3,18.6,15.6,25.4
0,776,229,150,8,14.3,28.5,3.4,25.1,20.1
0,3370,1045,692,1,25.4,30.5,20.4,10.2,25.3
0,585,301,25,13,21.6,28.5,14.2,14.2,22.6
0,1581,518,275,1,21.6,31.5,10.2,21.3,23.8
0,1575,773,41,7,24,32.6,13.2,19.4,25.1
0,1731,863,25,1,24.5,33.4,15.5,17.9,24.4
0,1871,740,226,3,25.7,33.3,18.4,14.9,24.7
0,1159,559,70,1,22.7,31.3,13.5,17.9,24.5
0,1373,514,117,10,12,18.3,6.2,12.2,11.9
0,461,278,15,13,22.9,29.4,17,12.5,23.5
0,1572,755,13,7,26,34.5,17,17.4,25.7
0,1635,844,83,1,17.7,26,6,20,20.1
0,553,191,58,13,23.2,30.4,16.4,14,24.8
0,1258,576,49,9,26.1,34.2,16.1,18.1,27.4
0,2549,1023,137,1,26.2,33.4,19,14.4,25.8
0,1679,578,216,1,26.4,31.8,20.6,11.2,26.6
0,1994,930,58,7,22.7,31.2,12.1,19.1,23.1
0,2507,1316,83,1,25.6,33.8,18.8,15,24.8
0,1222,491,98,2,26.2,32.3,19.6,12.7,27.4
0,0,0,0,13,16.1,25.6,7.6,18,19.6
0,1140,445,76,1,25.2,32,17.3,14.6,26.2
0,711,305,69,2,25.5,33.4,16.6,16.8,26.9
0,1862,914,24,7,27.3,35.2,18.9,16.3,27.6
0,1916,709,234,1,23.7,30.3,16.3,14.1,24.7
0,2380,999,352,1,27,32.6,22,10.6,26.7
0,1116,547,4,7,23.3,32.3,13.6,18.7,23.6
0,1270,355,286,7,17.9,31.7,6.4,25.3,20.3
0,1755,501,395,1,16.6,26.4,7.5,18.9,15.3
0,1205,458,128,9,25.2,34.2,14.9,19.3,28.1
0,1559,763,14,7,26.1,35.1,16.7,18.4,25.9
0,1315,583,190,5,22,32.8,9.2,23.6,27.4
0,2181,685,340,1,26.8,33.1,20.5,12.6,26.8
0,159,81,11,8,17.7,33.9,1.2,32.6,25.3
0,1077,694,13,13,24.6,32.2,17.8,14.4,23.9
0,2510,1003,186,1,26.3,32.8,20.4,12.4,26
0,1562,760,14,7,24.5,33.3,13.6,19.7,25
0,1625,575,275,1,19.3,28,10.6,17.4,23
0,1373,524,118,3,21.8,30.4,14.1,16.3,22.4
0,1294,674,65,1,22.2,29.8,11.7,18,24.1
0,220,153,3,10,8.3,21.5,-8.3,29.8,12.4
0,1587,766,57,2,25.7,33.3,15.1,18.2,26.5
0,1535,722,55,2,24.2,32.3,13.8,18.5,25
0,152,57,22,10,-0.8,10,-10.8,20.9,-3.7
0,781,485,12,13,24.5,30.8,18.8,12,24
0,1526,744,10,7,26,34.7,17,17.7,25.8
0,1509,770,62,1,19.1,27,10.1,16.9,20.8
0,2054,583,417,1,24.4,30.2,18.6,11.6,24.5
0,2970,1161,276,1,26.5,33.6,21.4,12.2,25.7
0,1954,1084,74,1,26.1,32.8,19.7,13.1,26
0,1184,336,262,7,17.6,31.6,5.9,25.7,17.5
0,1700,901,19,7,24.7,31.9,16.8,15.1,24.9
0,1294,630,20,3,23.5,31.9,15.7,16.2,23.6
0,948,367,79,7,20.1,34.2,6.9,27.3,25.4
0,52,45,0,10,3.2,15.1,-11.5,26.5,6.5
0,605,341,20,2,14.6,24.5,1.3,23.2,16.9
0,3009,1015,599,1,24.4,30,19,11,23.8
0,425,220,41,1,27.7,32,23.5,8.5,26.9
0,667,315,28,2,22.6,35.1,8.9,26.1,27.3
0,1819,846,30,7,26.4,34.4,18.5,15.9,26
0,882,446,6,2,25.9,34.2,17.9,16.3,25.6
0,1116,469,69,2,25.9,33.2,17.5,15.7,27.3
0,1986,1031,73,1,26.8,33.2,20.6,12.6,26.5
0,2322,1026,82,1,25.9,33.5,18.2,15.3,25.6
0,2285,819,309,1,27.1,32.6,22.3,10.3,26.7
0,1508,708,31,7,26.4,34.4,18.8,15.6,26.1
0,1744,746,75,1,25.7,33.2,18.5,14.6,25.4
0,1201,469,89,2,25.7,32.8,17.5,15.2,27.2
0,708,273,54,8,16.7,33.1,2.3,30.8,22.9
0,1334,588,181,5,22,32.9,9,23.9,27.3
0,795,423,4,2,25.5,34.2,16.1,18.1,25.8
0,2657,995,374,1,26.1,31.3,21.3,10,26
0,3127,1397,94,14,26.6,32.7,22.4,10.3,26.2
0,1679,765,45,7,22.9,31.1,12.6,18.5,23.9
0,125,48,20,10,5,17,-6.6,23.6,7.6
0,1422,518,151,7,23.6,31.7,13.5,18.2,25.1
0,1068,490,93,1,24.6,32.8,14.8,18,26.1
0,1531,688,87,7,23.5,31.2,14,17.1,24.6
0,1444,623,113,7,24,31.4,15,16.5,25.4
0,1183,396,167,7,21.1,33.4,9.9,23.5,23.9
0,819,495,25,13,26.9,33.5,20.9,12.6,26.2
0,896,562,23,4,12.9,25.6,3.6,21.9,9.3
0,1653,792,105,1,24.9,31.4,18.5,12.8,24.4
0,1218,324,273,7,17.2,30.4,6.8,23.6,12.9
0,1728,756,131,7,25.9,33.4,17.7,15.8,26.5
0,1238,578,55,1,25.7,31.5,19.7,11.8,25.4
0,1965,935,32,1,25.3,35.3,15.3,20,25
0,1009,361,106,7,19.7,33.3,7.4,25.9,25
0,19,13,1,10,12.4,22.9,0.2,22.7,15.3
0,1603,738,98,1,25.8,33.9,16.7,17.2,26.7
0,2436,795,313,1,25.8,31.6,19.2,12.4,25.9
0,1271,371,246,7,18.1,32,6.5,25.4,22.1
0,190,161,1,10,8.1,19.3,-6.6,25.9,11.4
0,657,214,110,8,14.3,29.2,3.1,26,18
0,1241,341,269,7,17.9,29.8,8.3,21.5,17.5
0,1730,647,175,1,25.1,31.7,17.7,14,26.2
0,742,411,15,10,5.7,17.4,-11.6,29,7.9
0,986,306,177,9,16.4,30.3,4.9,25.4,21.7
0,2193,917,108,1,25.8,34.1,17.5,16.6,25.4
0,1744,801,61,1,24.6,33.5,15.7,17.8,24.7
0,1068,499,14,7,26.5,34.5,18.9,15.6,26
0,1,1,0,13,17.8,25.5,11.5,14,18.1
0,497,190,41,8,15.6,33.6,0.1,33.5,22
0,96,42,13,10,0.5,10,-9.4,19.3,3.2
0,1242,521,102,3,22.2,29.7,13.9,15.8,23.3
0,1919,824,103,1,25.1,32.3,18.1,14.2,24.9
0,1093,357,179,8,18,32.2,6.2,26,23.6
0,2042,902,148,13,25.1,32.4,18.2,14.2,26
0,2455,1071,90,1,25.8,33.8,17.5,16.3,25.7
0,1577,806,27,7,24.9,33.2,14,19.1,25.5
0,250,130,19,10,0.3,12.5,-10.2,22.7,-3.4
0,2651,926,213,1,25,30.8,19.7,11,24.7
0,1665,743,51,1,26.2,34.2,18.3,15.9,26.1
0,151,101,5,10,14.5,27.5,-0.1,27.5,19.5
0,1040,611,15,7,25.7,33.8,18.4,15.4,25
0,1616,811,46,7,19.9,26.7,10.6,16.1,21.2
0,1794,975,5,2,25.6,33.3,18.2,15,25.1
0,96,67,1,12,9.8,20.5,0,20.5,6.2
0,671,262,50,2,24.9,35.5,13.3,22.3,28.6
0,1585,480,266,7,21.9,33.1,11,22.1,24.4
0,2,2,0,13,15.4,24.7,6.1,18.7,18.6
0,2956,1012,430,1,26.1,32.2,20.8,11.4,25.5
0,1249,556,83,7,24,31.7,13.7,18,26.1
0,2388,1074,48,1,24.9,35.8,14.8,21,24.3
0,869,467,25,10,3.3,10.9,-7.2,18.1,4.3
0,1475,739,50,7,22.7,30.3,12.2,18.1,24.1
0,86,74,0,13,12.9,22.2,2.4,19.8,14.8
0,301,163,19,10,0.6,13.1,-10.1,23.2,-3.3
0,1745,466,411,7,19.2,30.2,9,21.3,17.9
0,2585,1029,185,1,26.4,33.1,19.9,13.2,25.9
0,861,261,156,8,14.7,29.6,3.4,26.2,20.5
0,791,302,62,8,16.6,31.8,3.5,28.3,22.2
0,2622,1183,84,1,22.5,29.5,16.4,13.1,22.2
0,112,60,12,10,5.1,15.4,-5.6,21,8.3
0,2856,1098,164,1,24.8,30.9,19.2,11.7,24.5
0,754,290,65,2,24.7,35.1,13.4,21.7,28.1
0,1850,896,30,1,24.8,33.5,16,17.4,24.7
0,2192,942,140,1,26.5,33.8,18.9,14.9,26.1
0,1652,839,61,1,26.8,33.3,21.2,12.1,26.3
0,1109,386,125,9,20.8,33.1,9.2,23.9,23.4
0,2281,1022,268,1,26.7,33.5,21.6,11.9,26.3
0,2824,1381,234,1,24.4,29.9,19.5,10.4,25.2
0,665,326,29,2,22.9,35.2,9.5,25.7,26.8
0,2133,967,204,1,26.4,32.7,21,11.7,25.9
0,1525,717,66,7,24.3,32.5,14,18.4,25.4
0,847,428,4,2,24.6,33.7,14.7,19,24.9
0,1276,480,161,1,21.8,30.4,10.8,19.6,24.6
0,2571,1162,210,1,25.7,34.5,17.5,17,26.8
0,125,46,18,10,0.3,10.7,-9.5,20.1,-2.5
0,1117,459,70,2,25.8,33.8,16.7,17.1,27.2
0,3750,1298,446,1,26.4,31.6,22.2,9.4,25.6
0,63,60,0,10,5,16.6,-9.2,25.8,8.3
0,166,122,1,10,8.4,21.7,-8.3,30,12.5
0,1399,659,98,2,19,27,9.3,17.7,19.9
0,2440,1183,160,1,26.4,32.3,21.5,10.9,26
0,589,321,34,13,22.6,29.8,16.3,13.5,23.7
0,2784,1442,28,2,26.5,35.2,17.4,17.9,26.4
0,2258,988,88,1,25.6,33.9,16.9,17,25.4
0,2974,911,546,1,25.8,30.9,20.5,10.4,25.8
0,2156,1017,229,1,26.1,32.5,20.9,11.7,25.6
0,338,226,6,10,7.4,18.9,-7.4,26.3,9.8
0,1371,467,227,1,18,27.4,7.1,20.3,21.2
0,1124,574,68,1,13.3,22.6,1.5,21.1,14.4
0,1269,699,38,1,20.8,29.3,10.9,18.4,22.6
0,1937,940,39,1,24.9,33.6,15.9,17.7,24.8
0,2820,1028,288,1,26.3,32.2,20.6,11.6,26.2
0,1181,386,167,7,20.6,32.9,9.2,23.7,23.5
0,1629,764,59,7,23,30.7,13.6,17.1,23.8
0,17,11,0,13,18.9,27.3,12.4,14.9,18
0,1287,717,43,1,26.9,34.6,19.8,14.8,26.3
0,1376,678,25,7,23.5,31.1,13,18.1,24.2
0,1452,717,26,7,24.3,31.7,14.9,16.8,24.9
0,308,101,51,8,15.3,32.8,0.6,32.2,15.5
0,1003,533,11,2,27.1,35,20,15,26.7
0,1700,818,51,7,23.1,31.1,13,18.1,23.9
0,414,202,40,10,-2.3,11.1,-13.6,24.7,-6.6
0,655,217,85,13,23.1,29.6,16.8,12.8,24.4
0,2076,937,177,7,25.4,32.7,20.3,12.5,24.8
0,1236,578,59,9,26.2,34.4,16.4,18,27.6
0,1317,483,227,1,24.1,30.6,17.6,13.1,25.3
0,294,99,50,8,15,32.2,0.3,31.9,18.8
0,843,251,168,8,13.7,27.2,3.3,23.9,18.3
0,1568,809,23,7,23.6,33.1,11.6,21.5,24.5
0,1773,775,144,1,25.5,31.9,20.7,11.2,24.9
0,1332,421,176,7,22.3,33.5,11.8,21.7,26.2
0,1533,499,244,1,22,31.8,11.7,20.2,24.2
0,2389,973,184,1,25.1,31.7,17.2,14.5,25.4
0,1426,744,28,7,22.5,29.6,13.6,16,23.4
0,1054,517,27,13,27.5,33.8,21,12.8,27.3
0,1262,570,119,7,20.4,29.3,9.7,19.5,23.2
0,1499,772,15,7,25.9,34.1,17.2,17,25.9
0,1439,400,327,7,18.6,29.5,9.3,20.2,15.4
0,2315,1029,110,1,26.3,34.5,17.7,16.7,26
0,2452,935,303,1,26.1,32.5,21.5,11,25.9
0,1657,855,8,1,26.8,32.9,20.9,12,26.5
0,1883,715,156,1,25.3,32.3,17.5,14.8,25.7
0,124,94,1,10,7.5,20.7,-8.7,29.3,11.5
0,1173,324,243,7,17.9,30.4,7.8,22.6,16.2
0,1949,829,122,1,25.8,32.5,18.2,14.4,26.2
0,1733,846,14,1,25.8,34.8,15.6,19.2,26.1
0,1391,561,140,3,25.4,32.2,17.5,14.7,27.2
0,1375,474,182,1,22.8,32.5,12.4,20.1,26.1
0,2906,892,504,1,25.7,31.2,20.5,10.7,25.6
0,2853,1003,283,1,23.7,29.1,18.2,10.9,23.4
0,3417,1278,409,1,24.8,31.1,18.7,12.4,24.4
0,1740,623,182,1,26.1,32.9,18.8,14.1,26.1
0,2073,918,159,1,25.3,32.4,20.3,12.1,24.7
0,799,402,47,1,8.2,17,-2.7,19.7,8.8
0,1949,880,144,1,27.1,33,22.3,10.7,26.6
0,74,51,1,12,9.1,19.4,-0.5,19.9,5.9
0,218,184,1,10,7.8,19,-6.7,25.7,10.9
0,104,87,0,13,16.3,24.1,8.1,16,18.3
0,607,176,128,8,14.8,28.3,3.6,24.8,15.5
0,1314,723,28,13,26.5,34.9,19,15.8,25.6
0,1102,297,244,7,16.3,27.1,7.1,20,12.2
0,1563,905,47,1,27.2,33.9,21.1,12.8,26.9
0,2470,979,234,1,25.9,32.3,21.1,11.2,25.5
0,2104,808,313,1,23.8,29.3,18.4,11,23.9
0,590,215,62,13,23.6,31.5,16.3,15.2,25.2
0,341,209,11,1,11.5,23.4,-1.1,24.4,16.3
0,1846,790,51,7,25.9,34.1,17.9,16.2,25.6
0,1617,760,109,1,20,28.4,10.6,17.7,22.5
0,648,245,54,8,16.5,33.3,1.8,31.5,22.9
0,3155,1240,269,1,18.7,24.6,13.1,11.5,18.4
0,2217,1152,100,1,26.7,32.8,20.9,12,26.3
0,2511,1098,297,1,27.3,33.7,22.6,11.1,26.8
0,1732,870,64,1,27.4,33.8,21.7,12.1,26.8
0,1302,519,199,5,20.9,32.8,6.9,25.9,26.8
0,1126,674,33,1,25.1,30.6,19.8,10.8,25
0,1443,795,29,7,20.4,28.6,10.2,18.4,21.9
0,745,309,116,1,25.8,32,19.8,12.2,26.7
0,688,398,11,2,19.3,30.8,5.1,25.7,23.8
0,2348,1103,33,1,24.9,35.6,14.6,20.9,24.4
0,694,273,50,2,25.1,35.5,13.6,21.9,28.6
0,2381,948,161,1,26.4,32.8,20,12.8,26.2
0,1209,324,268,7,16.2,28.3,6.3,22.1,13.8
0,2466,1054,329,1,27.1,32.8,22.2,10.6,26.7
0,2103,874,252,1,27,33.1,22,11.1,26.8
0,0,0,0,13,16.3,25.2,8.2,17,19.5
0,2861,948,385,1,26.3,32,20.8,11.2,25.7
0,1639,724,62,1,26.3,33.8,19.1,14.7,26.1
0,1172,578,19,7,26,34.3,18,16.3,25.6
0,2033,961,52,7,23.9,32.5,12.7,19.8,24.3
0,1649,761,127,1,26.8,32.7,22.1,10.6,26.2
0,2020,932,126,1,25.2,32.5,20.2,12.2,24.8
0,1092,605,42,1,21.1,29.5,11.7,17.9,22.6
0,1600,784,15,7,25.4,34.3,16.2,18.1,25.1
0,253,154,10,7,16.4,31.5,0.5,31.1,22.2
0,1646,482,345,7,19.5,31.9,8.4,23.5,19.3
0,1444,487,280,1,17,27,6.2,20.8,20.8
0,1429,407,317,7,18.5,31.4,7.7,23.7,21.3
0,130,87,4,10,8.4,20,-4.3,24.3,12.7
0,2426,1280,122,1,27.1,33.3,21.4,11.8,26.8
0,1496,712,90,7,24.8,33,14.5,18.5,26.1
0,1993,776,95,1,26.4,31.3,21.9,9.4,26
0,509,227,26,2,24.6,34.3,13.2,21.1,27.4
0,968,675,8,14,25.5,31.6,19.4,12.2,26.5
0,269,157,10,8,17.5,32.8,1.4,31.5,23.6
0,2303,930,277,1,25.8,31.8,20,11.8,25.5
0,222,139,10,8,13.9,28.3,-1.5,29.9,19.3
0,2782,893,451,1,25.8,31.3,20.5,10.8,25.8
0,1313,664,14,7,27.4,35.3,20.9,14.4,26.4
0,2293,915,236,1,26.8,33.1,20.7,12.4,26.3
0,11,7,0,13,17.3,26,8.6,17.4,14.6
0,1057,419,143,9,24.9,31.9,17.3,14.6,27.5
0,1151,475,118,1,22.8,30,14.7,15.4,24.3
0,2341,928,166,1,25.3,31.8,17.8,14.1,25.6
0,2148,752,291,1,27,32.8,21.6,11.2,26.5
0,367,233,20,13,28.3,33.7,22.9,10.8,28.7
0,0,0,0,13,16.5,25.7,8.2,17.5,19.9
0,1912,851,54,1,26.7,32.2,22.3,9.9,26.2
0,526,315,10,2,18.2,28.9,5.7,23.2,22.8
0,701,273,55,2,24.3,35.3,12.6,22.7,28.3
0,1535,808,21,7,26.4,34,18,16,26.7
0,1579,799,15,7,24.6,31.6,17,14.6,24.6
0,2303,854,265,1,26.9,32.7,21.5,11.2,26.4
0,605,386,13,4,15.3,28.7,5.7,22.9,10.7
0,1103,477,102,14,25.1,32.1,17.9,14.2,27.4
0,643,299,34,7,15.8,30.2,1.5,28.7,21.8
0,3121,1026,542,1,26.7,32.1,21.6,10.5,26.4
0,1238,536,125,9,23.7,32.2,13.4,18.7,27.4
0,1921,855,52,1,25.9,30.6,21.4,9.2,25.4
0,2259,1000,87,1,25.8,34.3,16.8,17.5,25.5
0,375,189,36,10,9.6,26.2,-2.7,29,3.8
0,1388,398,297,7,17.8,29,8.5,20.6,14.4
0,1616,655,156,1,20.2,28.5,10.6,17.9,20.2
0,712,248,79,8,16.1,32.1,2.3,29.8,21.8
0,3160,1344,173,1,21.3,27.9,15.2,12.8,21
0,2314,796,293,1,25,29.8,19.7,10.2,25.5
0,1846,841,152,1,20.5,28.6,10.3,18.3,21.5
0,1127,350,190,1,10.2,15.5,4.9,10.6,10.4
0,7,5,0,13,17.8,26.8,9.5,17.3,16.9
0,56,42,0,13,18,25.9,10.6,15.3,20.3
0,1362,765,31,7,20.1,28.6,10.7,17.9,21.7
0,1929,656,261,1,25.3,31.1,18.7,12.3,26.2
0,5,5,0,13,15,24.3,5.3,19.1,12.5
0,1465,782,34,7,21.9,29.4,12.5,16.9,22.8
0,2911,1195,193,1,25.7,32.6,20,12.6,25.4
0,3207,1001,639,1,26.2,31.6,21.1,10.5,25.9
0,1851,879,20,7,26.5,34.7,17.9,16.8,26.5
0,2759,1240,211,1,25.9,31.8,20.6,11.2,26.1
0,2570,909,314,1,26.6,32.2,21.5,10.6,26.1
0,1349,623,66,7,22.5,30.2,12.3,17.9,23.3
